Path;SteerAngle;Throttle;Brake;Speed;X_Position;Y_Position;Pitch;Yaw;Roll
/home/ohnozzy/RoboND-Rover-Project/IMG/robocam_2018_09_09_16_53_30_619.jpg;0;0;1;0;99.96255;85.99462;-0.0008356525;35.86228;9.099991E-05
/home/ohnozzy/RoboND-Rover-Project/IMG/robocam_2018_09_09_16_53_30_655.jpg;0;0;0;0;99.96255;85.99462;-0.0007610586;35.86228;0.0001026335
/home/ohnozzy/RoboND-Rover-Project/IMG/robocam_2018_09_09_16_53_30_696.jpg;0;0;0;0;99.96255;85.99462;-0.0007035734;35.86228;0.00010858
/home/ohnozzy/RoboND-Rover-Project/IMG/robocam_2018_09_09_16_53_30_741.jpg;0;0;0;0;99.96255;85.99462;-0.0006407792;35.86228;0.0001132846
/home/ohnozzy/RoboND-Rover-Project/IMG/robocam_2018_09_09_16_53_30_807.jpg;0;0;0;0;99.96255;85.99463;-0.0005024111;35.86228;0.0001185582
/home/ohnozzy/RoboND-Rover-Project/IMG/robocam_2018_09_09_16_53_30_876.jpg;0;0;0;0;99.96255;85.99463;-0.0003908972;35.86228;0.0001191568
/home/ohnozzy/RoboND-Rover-Project/IMG/robocam_2018_09_09_16_53_30_940.jpg;0;0;0;0;99.96255;85.99463;-0.0002758537;35.86228;0.0001173045
/home/ohnozzy/RoboND-Rover-Project/IMG/robocam_2018_09_09_16_53_31_007.jpg;0;0;0;0;99.96256;85.99463;-0.0001202523;35.86228;0.00011137
/home/ohnozzy/RoboND-Rover-Project/IMG/robocam_2018_09_09_16_53_31_077.jpg;0;0;0;0;99.96256;85.99463;-5.403366E-06;35.86228;0.0001045045
/home/ohnozzy/RoboND-Rover-Project/IMG/robocam_2018_09_09_16_53_31_129.jpg;0;0;0;0;99.96256;85.99463;0.000105733;35.86228;9.646074E-05
/home/ohnozzy/RoboND-Rover-Project/IMG/robocam_2018_09_09_16_53_31_198.jpg;0;0;0;0;99.96256;85.99463;0.0002116544;35.86228;8.713023E-05
/home/ohnozzy/RoboND-Rover-Project/IMG/robocam_2018_09_09_16_53_31_241.jpg;0;0;0;0;99.96256;85.99464;0.0002782986;35.86228;8.007948E-05
/home/ohnozzy/RoboND-Rover-Project/IMG/robocam_2018_09_09_16_53_31_309.jpg;0;0;0;0;99.96257;85.99464;0.0004003533;35.86228;6.521102E-05
/home/ohnozzy/RoboND-Rover-Project/IMG/robocam_2018_09_09_16_53_31_375.jpg;0;0;0;0;99.96257;85.99464;0.0004805662;35.86228;5.388849E-05
/home/ohnozzy/RoboND-Rover-Project/IMG/robocam_2018_09_09_16_53_31_440.jpg;0;0;0;0;99.96257;85.99464;0.0005503744;35.86228;4.252214E-05
/home/ohnozzy/RoboND-Rover-Project/IMG/robocam_2018_09_09_16_53_31_508.jpg;0;0;0;0;99.96257;85.99464;0.0006257248;35.86228;2.78158E-05
/home/ohnozzy/RoboND-Rover-Project/IMG/robocam_2018_09_09_16_53_31_575.jpg;0;0;0;0;99.96257;85.99464;0.0006692758;35.86228;1.717323E-05
/home/ohnozzy/RoboND-Rover-Project/IMG/robocam_2018_09_09_16_53_31_640.jpg;0;0;0;0;99.96257;85.99464;0.0007012976;35.86228;6.811168E-06
/home/ohnozzy/RoboND-Rover-Project/IMG/robocam_2018_09_09_16_53_31_708.jpg;0;0;0;0;99.96257;85.99464;0.0007262038;35.86228;-5.809089E-06
/home/ohnozzy/RoboND-Rover-Project/IMG/robocam_2018_09_09_16_53_31_774.jpg;0;0;0;0;99.96257;85.99464;0.000732435;35.86228;-1.425011E-05
/home/ohnozzy/RoboND-Rover-Project/IMG/robocam_2018_09_09_16_53_31_840.jpg;0;0;0;0;99.96257;85.99464;0.0007286779;35.86228;-2.12039E-05
/home/ohnozzy/RoboND-Rover-Project/IMG/robocam_2018_09_09_16_53_31_908.jpg;0;0;0;0;99.96257;85.99464;0.0007096326;35.86228;-2.919896E-05
/home/ohnozzy/RoboND-Rover-Project/IMG/robocam_2018_09_09_16_53_31_975.jpg;0;0.197505;0;0;99.96274;85.99476;0.004962505;35.8405;-3.548267E-05
/home/ohnozzy/RoboND-Rover-Project/IMG/robocam_2018_09_09_16_53_32_041.jpg;0;0.3981357;0;0;99.96397;85.99564;0.03743086;35.79607;1.366372E-05
/home/ohnozzy/RoboND-Rover-Project/IMG/robocam_2018_09_09_16_53_32_108.jpg;0;0.596544;0;0.0465292;99.96864;85.999;0.1554065;35.78829;-6.329954E-05
/home/ohnozzy/RoboND-Rover-Project/IMG/robocam_2018_09_09_16_53_32_175.jpg;0;0.7987525;0;0.06603561;99.97446;86.0032;0.2943317;35.68271;0.0005908326
/home/ohnozzy/RoboND-Rover-Project/IMG/robocam_2018_09_09_16_53_32_240.jpg;0;0.9997172;0;0.132408;99.98398;86.00999;0.5083216;35.68129;-0.001039897
/home/ohnozzy/RoboND-Rover-Project/IMG/robocam_2018_09_09_16_53_32_308.jpg;0;1;0;0.1833545;100.0011;86.02222;0.8368743;35.63568;-0.0001635684
/home/ohnozzy/RoboND-Rover-Project/IMG/robocam_2018_09_09_16_53_32_377.jpg;0;1;0;0.236977;100.0171;86.03364;1.10119;35.65831;-0.00101391
/home/ohnozzy/RoboND-Rover-Project/IMG/robocam_2018_09_09_16_53_32_440.jpg;0;1;0;0.2811124;100.0339;86.0457;1.295093;35.67181;-0.0003725005
/home/ohnozzy/RoboND-Rover-Project/IMG/robocam_2018_09_09_16_53_32_508.jpg;0;1;0;0.3408618;100.0563;86.0617;1.240339;35.57545;-0.00107638
/home/ohnozzy/RoboND-Rover-Project/IMG/robocam_2018_09_09_16_53_32_574.jpg;0;1;0;0.414755;100.0761;86.07588;1.152056;35.52946;-0.00103968
/home/ohnozzy/RoboND-Rover-Project/IMG/robocam_2018_09_09_16_53_32_644.jpg;0;1;0;0.4844642;100.0988;86.09201;1.112611;35.47829;0.0006318049
/home/ohnozzy/RoboND-Rover-Project/IMG/robocam_2018_09_09_16_53_32_708.jpg;0;1;0;0.5229729;100.1336;86.1166;1.137452;35.41732;0.000270326
/home/ohnozzy/RoboND-Rover-Project/IMG/robocam_2018_09_09_16_53_32_765.jpg;0;1;0;0.5764318;100.1628;86.13721;1.195043;35.38687;-0.0004781105
/home/ohnozzy/RoboND-Rover-Project/IMG/robocam_2018_09_09_16_53_32_808.jpg;0;1;0;0.583149;100.1835;86.15182;1.226123;35.40049;-0.001264835
/home/ohnozzy/RoboND-Rover-Project/IMG/robocam_2018_09_09_16_53_32_874.jpg;0;1;0;0.6503289;100.2162;86.17504;1.241516;35.41325;-0.001178911
/home/ohnozzy/RoboND-Rover-Project/IMG/robocam_2018_09_09_16_53_32_942.jpg;0;1;0;0.7154272;100.2506;86.19936;1.215746;35.38758;-0.001541675
/home/ohnozzy/RoboND-Rover-Project/IMG/robocam_2018_09_09_16_53_33_009.jpg;0;1;0;0.7663112;100.3009;86.23475;1.189059;35.35145;0.0003167649
/home/ohnozzy/RoboND-Rover-Project/IMG/robocam_2018_09_09_16_53_33_075.jpg;0;1;0;0.8172196;100.3421;86.26367;1.205351;35.24714;-0.0004697861
/home/ohnozzy/RoboND-Rover-Project/IMG/robocam_2018_09_09_16_53_33_140.jpg;0;1;0;0.8866643;100.3855;86.29411;1.211179;35.22976;-0.001441332
/home/ohnozzy/RoboND-Rover-Project/IMG/robocam_2018_09_09_16_53_33_208.jpg;0;1;0;0.9337758;100.4476;86.33765;1.224713;35.23232;-0.0008281361
/home/ohnozzy/RoboND-Rover-Project/IMG/robocam_2018_09_09_16_53_33_276.jpg;0;1;0;0.9882489;100.4969;86.37215;1.222694;35.22485;-0.0008735025
/home/ohnozzy/RoboND-Rover-Project/IMG/robocam_2018_09_09_16_53_33_341.jpg;0;1;0;1.047677;100.5483;86.40815;1.216105;35.23306;-0.0008367265
/home/ohnozzy/RoboND-Rover-Project/IMG/robocam_2018_09_09_16_53_33_410.jpg;0;1;0;1.091206;100.6204;86.45871;1.220484;35.31631;-0.001229499
/home/ohnozzy/RoboND-Rover-Project/IMG/robocam_2018_09_09_16_53_33_475.jpg;0;1;0;1.141717;100.6773;86.49862;1.224356;35.30816;-0.0004741661
/home/ohnozzy/RoboND-Rover-Project/IMG/robocam_2018_09_09_16_53_33_540.jpg;0;1;0;1.202365;100.7365;86.54015;1.227762;35.26282;-0.0006288952
/home/ohnozzy/RoboND-Rover-Project/IMG/robocam_2018_09_09_16_53_33_607.jpg;1.531209;1;0;1.248622;100.8187;86.59829;1.232489;35.28424;-0.001192678
/home/ohnozzy/RoboND-Rover-Project/IMG/robocam_2018_09_09_16_53_33_676.jpg;4.498644;1;0;1.29796;100.8823;86.64495;1.236646;35.56402;-0.002843568
/home/ohnozzy/RoboND-Rover-Project/IMG/robocam_2018_09_09_16_53_33_740.jpg;7.538531;1;0;1.357565;100.9468;86.69461;1.229199;36.09549;0.0001501386
/home/ohnozzy/RoboND-Rover-Project/IMG/robocam_2018_09_09_16_53_33_808.jpg;10.53108;1;0;1.405061;101.034;86.7666;1.231804;37.23031;0.03199413
/home/ohnozzy/RoboND-Rover-Project/IMG/robocam_2018_09_09_16_53_33_876.jpg;7.564151;1;0;1.450331;101.1015;86.82326;1.235676;38.06054;0.02694992
/home/ohnozzy/RoboND-Rover-Project/IMG/robocam_2018_09_09_16_53_33_943.jpg;4.483356;1;0;1.51264;101.1711;86.88161;1.237628;38.67781;-0.004687724
/home/ohnozzy/RoboND-Rover-Project/IMG/robocam_2018_09_09_16_53_34_008.jpg;1.528022;1;0;1.560205;101.2676;86.96234;1.255763;39.09647;-0.003364036
/home/ohnozzy/RoboND-Rover-Project/IMG/robocam_2018_09_09_16_53_34_076.jpg;0;1;0;1.605862;101.343;87.0239;1.258714;39.15092;-0.001464629
/home/ohnozzy/RoboND-Rover-Project/IMG/robocam_2018_09_09_16_53_34_142.jpg;0;1;0;1.667561;101.4209;87.08694;1.263769;39.15077;-0.001090748
/home/ohnozzy/RoboND-Rover-Project/IMG/robocam_2018_09_09_16_53_34_211.jpg;0;1;0;1.714341;101.5283;87.17365;1.27357;39.13588;-0.001039246
/home/ohnozzy/RoboND-Rover-Project/IMG/robocam_2018_09_09_16_53_34_269.jpg;0;1;0;1.775535;101.6112;87.2406;1.276304;39.12639;-0.001063158
/home/ohnozzy/RoboND-Rover-Project/IMG/robocam_2018_09_09_16_53_34_329.jpg;0;1;0;1.806025;101.6963;87.30927;1.278414;39.11436;-0.001058783
/home/ohnozzy/RoboND-Rover-Project/IMG/robocam_2018_09_09_16_53_34_397.jpg;0;1;0;1.851475;101.7836;87.37967;1.285147;39.10411;-0.001094066
/home/ohnozzy/RoboND-Rover-Project/IMG/robocam_2018_09_09_16_53_34_468.jpg;0;1;0;1.911246;101.9033;87.47614;1.291012;39.08815;-0.001102662
/home/ohnozzy/RoboND-Rover-Project/IMG/robocam_2018_09_09_16_53_34_542.jpg;0;1;0;1.972136;101.9955;87.55042;1.294018;39.07693;-0.001116967
/home/ohnozzy/RoboND-Rover-Project/IMG/robocam_2018_09_09_16_53_34_607.jpg;0;1;0;2.016251;102.1218;87.65212;1.301187;39.06213;-0.001147661
/home/ohnozzy/RoboND-Rover-Project/IMG/robocam_2018_09_09_16_53_34_676.jpg;0;1;0;2.061058;102.2189;87.73029;1.302818;39.05105;-0.001173815
/home/ohnozzy/RoboND-Rover-Project/IMG/robocam_2018_09_09_16_53_34_740.jpg;0;1;0;2.120471;102.3182;87.81012;1.304836;39.04035;-0.001166397
/home/ohnozzy/RoboND-Rover-Project/IMG/robocam_2018_09_09_16_53_34_811.jpg;0;1;0;2.165455;102.4538;87.91915;1.310161;39.02629;-0.001216359
/home/ohnozzy/RoboND-Rover-Project/IMG/robocam_2018_09_09_16_53_34_875.jpg;0;1;0;2.209779;102.5579;88.00285;1.313849;39.01363;-0.00121588
/home/ohnozzy/RoboND-Rover-Project/IMG/robocam_2018_09_09_16_53_34_940.jpg;0;1;0;2.267751;102.6641;88.08813;1.315198;39.00288;-0.001226556
/home/ohnozzy/RoboND-Rover-Project/IMG/robocam_2018_09_09_16_53_35_008.jpg;0;0.7973022;0;2.309352;102.8085;88.20412;1.313099;38.98967;-0.0007898413
/home/ohnozzy/RoboND-Rover-Project/IMG/robocam_2018_09_09_16_53_35_074.jpg;0;0.6014144;0;2.342089;102.9185;88.29245;1.315565;38.97708;-0.0006700154
/home/ohnozzy/RoboND-Rover-Project/IMG/robocam_2018_09_09_16_53_35_140.jpg;0;0.400213;0;2.369946;103.0294;88.38136;1.307054;38.96231;-0.0006296084
/home/ohnozzy/RoboND-Rover-Project/IMG/robocam_2018_09_09_16_53_35_209.jpg;0;0.200392;0;2.380103;103.1773;88.49995;1.253629;38.94216;-0.0005352841
/home/ohnozzy/RoboND-Rover-Project/IMG/robocam_2018_09_09_16_53_35_275.jpg;0;0;0;2.381802;103.2876;88.58836;1.169346;38.92733;-0.0004280965
/home/ohnozzy/RoboND-Rover-Project/IMG/robocam_2018_09_09_16_53_35_340.jpg;0;0;0;2.372591;103.3971;88.67604;1.04569;38.91325;-0.0002975096
/home/ohnozzy/RoboND-Rover-Project/IMG/robocam_2018_09_09_16_53_35_408.jpg;0;0;0;2.365187;103.5419;88.79202;0.837209;38.89566;-1.657031E-05
/home/ohnozzy/RoboND-Rover-Project/IMG/robocam_2018_09_09_16_53_35_474.jpg;0;0;0;2.357753;103.6498;88.87846;0.6602207;38.88452;0.003246076
/home/ohnozzy/RoboND-Rover-Project/IMG/robocam_2018_09_09_16_53_35_541.jpg;0;0;0;2.347683;103.7571;88.96461;0.4744896;38.87741;0.01371065
/home/ohnozzy/RoboND-Rover-Project/IMG/robocam_2018_09_09_16_53_35_607.jpg;0;0;0;2.340044;103.8995;89.07919;0.2253053;38.87439;0.0384624
/home/ohnozzy/RoboND-Rover-Project/IMG/robocam_2018_09_09_16_53_35_667.jpg;0;0;0;2.332337;104.0058;89.16486;0.03998389;38.87452;0.05901219
/home/ohnozzy/RoboND-Rover-Project/IMG/robocam_2018_09_09_16_53_35_739.jpg;0;0;0;2.321944;104.1121;89.25021;359.8668;38.87008;0.06613609
/home/ohnozzy/RoboND-Rover-Project/IMG/robocam_2018_09_09_16_53_35_814.jpg;0;0;0;2.313737;104.2539;89.36391;359.6818;38.85706;0.04449405
/home/ohnozzy/RoboND-Rover-Project/IMG/robocam_2018_09_09_16_53_35_862.jpg;0;0;0;2.305343;104.3246;89.42081;359.6028;38.85378;0.031672
/home/ohnozzy/RoboND-Rover-Project/IMG/robocam_2018_09_09_16_53_35_931.jpg;0;0;0;2.297073;104.4661;89.53453;359.4793;38.84631;359.991
/home/ohnozzy/RoboND-Rover-Project/IMG/robocam_2018_09_09_16_53_35_973.jpg;0;0;0;2.291787;104.5366;89.59167;359.4386;38.85215;359.9911
/home/ohnozzy/RoboND-Rover-Project/IMG/robocam_2018_09_09_16_53_36_038.jpg;0;0;0;2.283329;104.6424;89.67696;359.3832;38.85417;359.9837
/home/ohnozzy/RoboND-Rover-Project/IMG/robocam_2018_09_09_16_53_36_105.jpg;0;0;0;2.272245;104.7833;89.79079;359.3503;38.86239;-0.0003581544
/home/ohnozzy/RoboND-Rover-Project/IMG/robocam_2018_09_09_16_53_36_174.jpg;-4.112692;0;0;2.264199;104.8899;89.87406;359.3313;38.57729;359.9566
/home/ohnozzy/RoboND-Rover-Project/IMG/robocam_2018_09_09_16_53_36_243.jpg;-0.1541948;0;0;2.252254;104.9966;89.9574;359.3433;38.3026;359.9391
/home/ohnozzy/RoboND-Rover-Project/IMG/robocam_2018_09_09_16_53_36_307.jpg;3.833413;0;0;2.244027;105.1361;90.07066;359.358;38.59357;-0.00182655
/home/ohnozzy/RoboND-Rover-Project/IMG/robocam_2018_09_09_16_53_36_374.jpg;0;0;0;2.235634;105.2403;90.15518;359.3712;38.78551;0.03445363
/home/ohnozzy/RoboND-Rover-Project/IMG/robocam_2018_09_09_16_53_36_443.jpg;0;0;0;2.225116;105.3449;90.23898;359.3996;38.81008;0.03829388
/home/ohnozzy/RoboND-Rover-Project/IMG/robocam_2018_09_09_16_53_36_514.jpg;0;0;0;2.217231;105.4837;90.35051;359.4428;38.81385;0.04242367
/home/ohnozzy/RoboND-Rover-Project/IMG/robocam_2018_09_09_16_53_36_564.jpg;0;0;0;2.209649;105.5873;90.43382;359.4725;38.81416;0.04489762
/home/ohnozzy/RoboND-Rover-Project/IMG/robocam_2018_09_09_16_53_36_642.jpg;-3.926768;0;0;2.201935;105.6917;90.51521;359.4976;38.53831;-0.0004706207
/home/ohnozzy/RoboND-Rover-Project/IMG/robocam_2018_09_09_16_53_36_708.jpg;-8.458257;0;0;2.189375;105.8335;90.61893;359.5359;37.47626;359.8373
/home/ohnozzy/RoboND-Rover-Project/IMG/robocam_2018_09_09_16_53_36_775.jpg;-4.555678;0;0;2.179324;105.9403;90.69537;359.5813;36.70678;359.7206
/home/ohnozzy/RoboND-Rover-Project/IMG/robocam_2018_09_09_16_53_36_840.jpg;-0.5158138;0;0;2.169903;106.0464;90.77213;359.6239;36.32146;359.6426
/home/ohnozzy/RoboND-Rover-Project/IMG/robocam_2018_09_09_16_53_36_908.jpg;0;0;0;2.162399;106.1864;90.87523;359.6826;36.23968;359.6069
/home/ohnozzy/RoboND-Rover-Project/IMG/robocam_2018_09_09_16_53_36_974.jpg;0;0;0;2.155089;106.2909;90.95211;359.7168;36.23494;359.5934
/home/ohnozzy/RoboND-Rover-Project/IMG/robocam_2018_09_09_16_53_37_041.jpg;0;0;0;2.14522;106.3951;91.02863;359.7466;36.23537;359.5927
/home/ohnozzy/RoboND-Rover-Project/IMG/robocam_2018_09_09_16_53_37_108.jpg;0;0;0;2.138022;106.5332;91.13003;359.7697;36.23534;359.6032
/home/ohnozzy/RoboND-Rover-Project/IMG/robocam_2018_09_09_16_53_37_175.jpg;2.009883;0;0;2.130817;106.6358;91.20638;359.782;36.33997;359.644
/home/ohnozzy/RoboND-Rover-Project/IMG/robocam_2018_09_09_16_53_37_239.jpg;5.994959;0;0;2.120086;106.7364;91.28432;359.7801;36.79136;359.7445
/home/ohnozzy/RoboND-Rover-Project/IMG/robocam_2018_09_09_16_53_37_309.jpg;1.996965;0;0;2.112195;106.8692;91.3884;359.7651;37.38441;359.8918
/home/ohnozzy/RoboND-Rover-Project/IMG/robocam_2018_09_09_16_53_37_377.jpg;0;0;0;2.105445;106.969;91.46504;359.7479;37.48214;359.9638
/home/ohnozzy/RoboND-Rover-Project/IMG/robocam_2018_09_09_16_53_37_430.jpg;2.12471;0;0;2.096012;107.0684;91.54153;359.7256;37.54081;0.03508632
/home/ohnozzy/RoboND-Rover-Project/IMG/robocam_2018_09_09_16_53_37_496.jpg;5.272193;0;0;2.090514;107.1655;91.61983;359.6971;37.97206;0.1624986
/home/ohnozzy/RoboND-Rover-Project/IMG/robocam_2018_09_09_16_53_37_541.jpg;7.275467;0;0;2.084352;107.2292;91.67316;359.6948;38.4743;0.2589031
/home/ohnozzy/RoboND-Rover-Project/IMG/robocam_2018_09_09_16_53_37_608.jpg;2.607994;0;0;2.072428;107.3566;91.77952;359.7102;39.20041;0.4023036
/home/ohnozzy/RoboND-Rover-Project/IMG/robocam_2018_09_09_16_53_37_674.jpg;0;0;0;2.065533;107.4525;91.85812;359.7248;39.34384;0.4528786
/home/ohnozzy/RoboND-Rover-Project/IMG/robocam_2018_09_09_16_53_37_741.jpg;0;0;0;2.056029;107.5482;91.93628;359.7379;39.36287;0.4796098
/home/ohnozzy/RoboND-Rover-Project/IMG/robocam_2018_09_09_16_53_37_810.jpg;3.9504;0;0;2.048501;107.6737;92.04201;359.7598;39.71012;0.5412179
/home/ohnozzy/RoboND-Rover-Project/IMG/robocam_2018_09_09_16_53_37_876.jpg;8.016829;0;0;2.039599;107.7648;92.1238;359.781;40.45388;0.6423485
/home/ohnozzy/RoboND-Rover-Project/IMG/robocam_2018_09_09_16_53_37_942.jpg;8.052363;0;0;2.025009;107.8533;92.20776;359.8138;41.52384;0.7762526
/home/ohnozzy/RoboND-Rover-Project/IMG/robocam_2018_09_09_16_53_38_007.jpg;4.033799;0;0;2.018769;107.9707;92.31933;359.8572;42.49961;0.8950652
/home/ohnozzy/RoboND-Rover-Project/IMG/robocam_2018_09_09_16_53_38_075.jpg;0;0;0;2.012528;108.0594;92.40163;359.882;42.74237;0.9115523
/home/ohnozzy/RoboND-Rover-Project/IMG/robocam_2018_09_09_16_53_38_142.jpg;1.938;0;0;2.00339;108.1478;92.48339;359.8964;42.81438;0.8994043
/home/ohnozzy/RoboND-Rover-Project/IMG/robocam_2018_09_09_16_53_38_208.jpg;6.061978;0;0;1.995527;108.2621;92.59492;359.9163;43.45469;0.9360394
/home/ohnozzy/RoboND-Rover-Project/IMG/robocam_2018_09_09_16_53_38_274.jpg;2.186337;0;0;1.987599;108.347;92.67855;359.928;43.89648;0.9384443
/home/ohnozzy/RoboND-Rover-Project/IMG/robocam_2018_09_09_16_53_38_341.jpg;0;0;0;1.978873;108.4324;92.76097;359.9256;44.00836;0.8930153
/home/ohnozzy/RoboND-Rover-Project/IMG/robocam_2018_09_09_16_53_38_408.jpg;0;0;0;1.972264;108.5457;92.87018;359.908;44.02524;0.8034991
/home/ohnozzy/RoboND-Rover-Project/IMG/robocam_2018_09_09_16_53_38_476.jpg;2.026563;0;0;1.965683;108.6297;92.95222;359.8878;44.12819;0.7383888
/home/ohnozzy/RoboND-Rover-Project/IMG/robocam_2018_09_09_16_53_38_540.jpg;6.094623;0;0;1.956108;108.7116;93.03566;359.8676;44.56897;0.7141284
/home/ohnozzy/RoboND-Rover-Project/IMG/robocam_2018_09_09_16_53_38_607.jpg;2.090936;0;0;1.948802;108.8196;93.14708;359.8412;45.14529;0.6698931
/home/ohnozzy/RoboND-Rover-Project/IMG/robocam_2018_09_09_16_53_38_674.jpg;0;0;0;1.942313;108.9012;93.22945;359.8139;45.24324;0.5949497
/home/ohnozzy/RoboND-Rover-Project/IMG/robocam_2018_09_09_16_53_38_740.jpg;0;0;0;1.933598;108.9825;93.31139;359.781;45.25661;0.5117559
/home/ohnozzy/RoboND-Rover-Project/IMG/robocam_2018_09_09_16_53_38_808.jpg;0;0;0;1.927095;109.0903;93.42023;359.7324;45.25895;0.3971544
/home/ohnozzy/RoboND-Rover-Project/IMG/robocam_2018_09_09_16_53_38_876.jpg;0;0;0;1.920551;109.1709;93.50155;359.7;45.25751;0.3052964
/home/ohnozzy/RoboND-Rover-Project/IMG/robocam_2018_09_09_16_53_38_943.jpg;0;0;0;1.911804;109.2512;93.58264;359.667;45.25753;0.217056
/home/ohnozzy/RoboND-Rover-Project/IMG/robocam_2018_09_09_16_53_38_998.jpg;0;0;0;1.905292;109.3312;93.66349;359.6345;45.25768;0.1325411
/home/ohnozzy/RoboND-Rover-Project/IMG/robocam_2018_09_09_16_53_39_064.jpg;0;0;0;1.898782;109.411;93.74408;359.6035;45.2578;0.0530671
/home/ohnozzy/RoboND-Rover-Project/IMG/robocam_2018_09_09_16_53_39_109.jpg;-2.077317;0;0;1.896612;109.4913;93.82353;359.574;45.08316;359.9511
/home/ohnozzy/RoboND-Rover-Project/IMG/robocam_2018_09_09_16_53_39_174.jpg;-2.557926;0;0;1.886516;109.5724;93.90213;359.5647;44.74349;359.8486
/home/ohnozzy/RoboND-Rover-Project/IMG/robocam_2018_09_09_16_53_39_242.jpg;0;0;0;1.877385;109.6527;93.98129;359.5714;44.61674;359.7908
/home/ohnozzy/RoboND-Rover-Project/IMG/robocam_2018_09_09_16_53_39_308.jpg;-4.046531;0;0;1.870349;109.7609;94.085;359.5947;44.25152;359.6925
/home/ohnozzy/RoboND-Rover-Project/IMG/robocam_2018_09_09_16_53_39_375.jpg;-8.010192;0;0;1.861754;109.8441;94.15991;359.6254;43.54075;359.5689
/home/ohnozzy/RoboND-Rover-Project/IMG/robocam_2018_09_09_16_53_39_442.jpg;-11.96929;0;0;1.847783;109.9295;94.23166;359.666;42.44421;359.3974
/home/ohnozzy/RoboND-Rover-Project/IMG/robocam_2018_09_09_16_53_39_508.jpg;-15;0;0;1.833936;110.0469;94.32143;359.7488;40.40809;359.1042
/home/ohnozzy/RoboND-Rover-Project/IMG/robocam_2018_09_09_16_53_39_573.jpg;-15;0;0;1.82404;110.1368;94.38684;359.8793;38.8695;358.9369
/home/ohnozzy/RoboND-Rover-Project/IMG/robocam_2018_09_09_16_53_39_639.jpg;-11.07295;0;0;1.810387;110.228;94.45071;0.05927341;37.42962;358.8372
/home/ohnozzy/RoboND-Rover-Project/IMG/robocam_2018_09_09_16_53_39_707.jpg;-7.082162;0;0;1.806476;110.3452;94.53345;0.02937574;36.05124;358.9543
/home/ohnozzy/RoboND-Rover-Project/IMG/robocam_2018_09_09_16_53_39_773.jpg;-3.117127;0;0;1.803752;110.4329;94.59385;359.95;35.50044;359.0746
/home/ohnozzy/RoboND-Rover-Project/IMG/robocam_2018_09_09_16_53_39_841.jpg;0;0;0;1.796071;110.5199;94.65493;359.8725;35.31592;359.2294
/home/ohnozzy/RoboND-Rover-Project/IMG/robocam_2018_09_09_16_53_39_908.jpg;-1.936512;0;0;1.789853;110.6356;94.73589;359.7677;35.19322;359.4338
/home/ohnozzy/RoboND-Rover-Project/IMG/robocam_2018_09_09_16_53_39_973.jpg;-2.075887;0;0;1.783659;110.7229;94.79509;359.6927;34.91384;359.5509
/home/ohnozzy/RoboND-Rover-Project/IMG/robocam_2018_09_09_16_53_40_038.jpg;0;0;0;1.775203;110.8095;94.85509;359.6269;34.84194;359.6953
/home/ohnozzy/RoboND-Rover-Project/IMG/robocam_2018_09_09_16_53_40_106.jpg;0;0;0;1.769043;110.9245;94.93493;359.5487;34.83195;359.8794
/home/ohnozzy/RoboND-Rover-Project/IMG/robocam_2018_09_09_16_53_40_174.jpg;0;0;0;1.762893;111.0106;94.99464;359.4992;34.83119;0.005972121
/home/ohnozzy/RoboND-Rover-Project/IMG/robocam_2018_09_09_16_53_40_239.jpg;4.004946;0;0;1.754097;111.0959;95.05527;359.4694;35.03035;0.1403223
/home/ohnozzy/RoboND-Rover-Project/IMG/robocam_2018_09_09_16_53_40_307.jpg;3.930173;0;0;1.74426;111.2079;95.1387;359.4776;35.70139;0.3379008
/home/ohnozzy/RoboND-Rover-Project/IMG/robocam_2018_09_09_16_53_40_375.jpg;7.993498;0;0;1.736956;111.2903;95.20304;359.5096;36.40046;0.4978572
/home/ohnozzy/RoboND-Rover-Project/IMG/robocam_2018_09_09_16_53_40_440.jpg;11.90879;0;0;1.723011;111.3704;95.26979;359.5685;37.44273;0.6819922
/home/ohnozzy/RoboND-Rover-Project/IMG/robocam_2018_09_09_16_53_40_510.jpg;11.97544;0;0;1.709974;111.4744;95.3625;359.731;39.19582;0.9063579
/home/ohnozzy/RoboND-Rover-Project/IMG/robocam_2018_09_09_16_53_40_568.jpg;7.670989;0;0;1.702403;111.5523;95.43292;359.9178;40.20529;0.9816599
/home/ohnozzy/RoboND-Rover-Project/IMG/robocam_2018_09_09_16_53_40_639.jpg;10.76171;0;0;1.695845;111.6276;95.50456;0.07019561;41.2636;1.057018
/home/ohnozzy/RoboND-Rover-Project/IMG/robocam_2018_09_09_16_53_40_706.jpg;11.24532;0;0;1.684271;111.722;95.59968;0.06103173;42.98377;1.070942
/home/ohnozzy/RoboND-Rover-Project/IMG/robocam_2018_09_09_16_53_40_773.jpg;7.380123;0;0;1.681115;111.7907;95.67059;359.9618;43.92822;1.009369
/home/ohnozzy/RoboND-Rover-Project/IMG/robocam_2018_09_09_16_53_40_838.jpg;3.367624;0;0;1.675376;111.8596;95.74147;359.8769;44.52172;0.9200651
/home/ohnozzy/RoboND-Rover-Project/IMG/robocam_2018_09_09_16_53_40_906.jpg;0;0;0;1.669775;111.9526;95.8344;359.768;44.73874;0.7356108
/home/ohnozzy/RoboND-Rover-Project/IMG/robocam_2018_09_09_16_53_40_974.jpg;0;0;0;1.663922;112.0224;95.90365;359.693;44.75064;0.5821621
/home/ohnozzy/RoboND-Rover-Project/IMG/robocam_2018_09_09_16_53_41_039.jpg;-3.985505;0;0;1.655685;112.093;95.97178;359.6218;44.55524;0.3998372
/home/ohnozzy/RoboND-Rover-Project/IMG/robocam_2018_09_09_16_53_41_107.jpg;-7.968421;0;0;1.647302;112.1897;96.05902;359.5312;43.71033;0.0712355
/home/ohnozzy/RoboND-Rover-Project/IMG/robocam_2018_09_09_16_53_41_173.jpg;-11.95872;0;0;1.637489;112.2643;96.12106;359.4677;42.64804;359.7572
/home/ohnozzy/RoboND-Rover-Project/IMG/robocam_2018_09_09_16_53_41_239.jpg;-15;0;0;1.620016;112.3408;96.18097;359.4665;41.28945;359.4535
/home/ohnozzy/RoboND-Rover-Project/IMG/robocam_2018_09_09_16_53_41_306.jpg;-15;0;0;1.607659;112.4457;96.25879;359.5945;39.38779;359.1286
/home/ohnozzy/RoboND-Rover-Project/IMG/robocam_2018_09_09_16_53_41_374.jpg;-15;0;0;1.59822;112.527;96.31625;359.8402;37.98629;359.0021
/home/ohnozzy/RoboND-Rover-Project/IMG/robocam_2018_09_09_16_53_41_439.jpg;-12.98009;0;0;1.580459;112.6097;96.37016;0.08048898;36.50296;358.9047
/home/ohnozzy/RoboND-Rover-Project/IMG/robocam_2018_09_09_16_53_41_511.jpg;-9.093175;0;0;1.578668;112.7152;96.43942;0.1105111;34.94884;358.9924
/home/ohnozzy/RoboND-Rover-Project/IMG/robocam_2018_09_09_16_53_41_572.jpg;-5.10365;0;0;1.577416;112.7934;96.48956;0.02760936;34.26365;359.1121
/home/ohnozzy/RoboND-Rover-Project/IMG/robocam_2018_09_09_16_53_41_639.jpg;-1.042256;0;0;1.571664;112.8709;96.54015;359.9409;33.92952;359.2528
/home/ohnozzy/RoboND-Rover-Project/IMG/robocam_2018_09_09_16_53_41_707.jpg;0;0;0;1.566015;112.9732;96.60863;359.8244;33.87292;359.478
/home/ohnozzy/RoboND-Rover-Project/IMG/robocam_2018_09_09_16_53_41_772.jpg;0;0;0;1.560683;113.0497;96.65984;359.7415;33.86998;359.6428
/home/ohnozzy/RoboND-Rover-Project/IMG/robocam_2018_09_09_16_53_41_841.jpg;0;0;0;1.553512;113.1261;96.7109;359.665;33.86932;359.7998
/home/ohnozzy/RoboND-Rover-Project/IMG/robocam_2018_09_09_16_53_41_906.jpg;0;0;0;1.548089;113.2276;96.77879;359.5759;33.86897;359.9929
/home/ohnozzy/RoboND-Rover-Project/IMG/robocam_2018_09_09_16_53_41_973.jpg;0;0;0;1.542643;113.3036;96.8296;359.5201;33.86885;0.1229933
/home/ohnozzy/RoboND-Rover-Project/IMG/robocam_2018_09_09_16_53_42_038.jpg;0;0;0;1.534764;113.3803;96.88023;359.5067;33.85612;0.2045008
/home/ohnozzy/RoboND-Rover-Project/IMG/robocam_2018_09_09_16_53_42_109.jpg;0;0;0;1.52881;113.4821;96.94801;359.5124;33.84937;0.2935525
/home/ohnozzy/RoboND-Rover-Project/IMG/robocam_2018_09_09_16_53_42_162.jpg;0;0;0;1.523064;113.5329;96.98191;359.5237;33.84773;0.3274258
/home/ohnozzy/RoboND-Rover-Project/IMG/robocam_2018_09_09_16_53_42_234.jpg;0;0;0;1.517611;113.6344;97.04959;359.5613;33.8433;0.3692636
/home/ohnozzy/RoboND-Rover-Project/IMG/robocam_2018_09_09_16_53_42_306.jpg;2.365923;0;0;1.510449;113.735;97.11768;359.606;33.95071;0.4059271
/home/ohnozzy/RoboND-Rover-Project/IMG/robocam_2018_09_09_16_53_42_374.jpg;6.25999;0;0;1.503953;113.8086;97.17075;359.6474;34.41246;0.4727904
/home/ohnozzy/RoboND-Rover-Project/IMG/robocam_2018_09_09_16_53_42_439.jpg;10.28017;0;0;1.49358;113.8802;97.22582;359.6939;35.21279;0.5760849
/home/ohnozzy/RoboND-Rover-Project/IMG/robocam_2018_09_09_16_53_42_506.jpg;14.25937;0;0;1.483428;113.9716;97.30299;359.7643;36.82525;0.7762673
/home/ohnozzy/RoboND-Rover-Project/IMG/robocam_2018_09_09_16_53_42_573.jpg;15;0;0;1.472926;114.0375;97.36301;359.8264;38.23162;0.9425254
/home/ohnozzy/RoboND-Rover-Project/IMG/robocam_2018_09_09_16_53_42_640.jpg;15;0;0;1.462474;114.1023;97.42431;359.9273;39.63022;1.068062
/home/ohnozzy/RoboND-Rover-Project/IMG/robocam_2018_09_09_16_53_42_708.jpg;15;0;0;1.45443;114.1859;97.50696;0.03131775;41.49191;1.125457
/home/ohnozzy/RoboND-Rover-Project/IMG/robocam_2018_09_09_16_53_42_773.jpg;15;0;0;1.449017;114.2449;97.56888;359.9881;42.86462;1.069853
/home/ohnozzy/RoboND-Rover-Project/IMG/robocam_2018_09_09_16_53_42_839.jpg;15;0;0;1.440981;114.3015;97.63271;359.9512;44.23826;1.024393
/home/ohnozzy/RoboND-Rover-Project/IMG/robocam_2018_09_09_16_53_42_906.jpg;15;0;0;1.434941;114.3743;97.71989;359.9203;46.07126;0.9839643
/home/ohnozzy/RoboND-Rover-Project/IMG/robocam_2018_09_09_16_53_42_975.jpg;11.09262;0;0;1.429708;114.4281;97.78579;359.9054;47.23008;0.9382815
/home/ohnozzy/RoboND-Rover-Project/IMG/robocam_2018_09_09_16_53_43_040.jpg;7.088757;0;0;1.425222;114.4818;97.85148;359.8857;48.08887;0.8732455
/home/ohnozzy/RoboND-Rover-Project/IMG/robocam_2018_09_09_16_53_43_106.jpg;3.019266;0;0;1.421465;114.5543;97.93786;359.8502;48.69656;0.7348909
/home/ohnozzy/RoboND-Rover-Project/IMG/robocam_2018_09_09_16_53_43_173.jpg;0;0;0;1.416804;114.6096;98.00149;359.8171;48.80028;0.5926185
/home/ohnozzy/RoboND-Rover-Project/IMG/robocam_2018_09_09_16_53_43_239.jpg;-2.089791;0;0;1.4102;114.665;98.06453;359.782;48.76976;0.4382541
/home/ohnozzy/RoboND-Rover-Project/IMG/robocam_2018_09_09_16_53_43_307.jpg;-6.077929;0;0;1.403649;114.741;98.1459;359.7303;48.23506;0.1658326
/home/ohnozzy/RoboND-Rover-Project/IMG/robocam_2018_09_09_16_53_43_373.jpg;-6.097441;0;0;1.395846;114.7991;98.20531;359.6919;47.6222;359.9365
/home/ohnozzy/RoboND-Rover-Project/IMG/robocam_2018_09_09_16_53_43_442.jpg;-6.134806;0;0;1.390079;114.8568;98.26472;359.6597;47.16099;359.7345
/home/ohnozzy/RoboND-Rover-Project/IMG/robocam_2018_09_09_16_53_43_506.jpg;-10.15739;0;0;1.381645;114.9361;98.34154;359.6624;46.14217;359.4603
/home/ohnozzy/RoboND-Rover-Project/IMG/robocam_2018_09_09_16_53_43_573.jpg;-14.19863;0;0;1.370827;114.9979;98.39606;359.6899;45.0061;359.2272
/home/ohnozzy/RoboND-Rover-Project/IMG/robocam_2018_09_09_16_53_43_641.jpg;-15;0;0;1.356048;115.0611;98.44914;359.7673;43.72202;359.0309
/home/ohnozzy/RoboND-Rover-Project/IMG/robocam_2018_09_09_16_53_43_707.jpg;-12.97013;0;0;1.347142;115.1475;98.51917;359.9902;42.08243;358.8983
/home/ohnozzy/RoboND-Rover-Project/IMG/robocam_2018_09_09_16_53_43_764.jpg;-9.477711;0;0;1.341501;115.2112;98.57043;0.08471461;41.10793;358.9094
/home/ohnozzy/RoboND-Rover-Project/IMG/robocam_2018_09_09_16_53_43_840.jpg;-9.551454;0;0;1.340068;115.2736;98.61964;0.05761284;40.28597;358.9975
/home/ohnozzy/RoboND-Rover-Project/IMG/robocam_2018_09_09_16_53_43_907.jpg;-14.05159;0;0;1.333089;115.3592;98.67987;359.9754;38.84001;359.0376
/home/ohnozzy/RoboND-Rover-Project/IMG/robocam_2018_09_09_16_53_43_973.jpg;-10.12579;0;0;1.326923;115.4238;98.72413;359.9227;37.84259;359.075
/home/ohnozzy/RoboND-Rover-Project/IMG/robocam_2018_09_09_16_53_44_039.jpg;-6.16333;0;0;1.322622;115.4881;98.76879;359.8767;37.12582;359.1451
/home/ohnozzy/RoboND-Rover-Project/IMG/robocam_2018_09_09_16_53_44_106.jpg;-6.107655;0;0;1.318911;115.5734;98.82848;359.8149;36.50056;359.2659
/home/ohnozzy/RoboND-Rover-Project/IMG/robocam_2018_09_09_16_53_44_173.jpg;-10.046;0;0;1.313562;115.6386;98.87077;359.7733;35.74866;359.3087
/home/ohnozzy/RoboND-Rover-Project/IMG/robocam_2018_09_09_16_53_44_238.jpg;-6.032953;0;0;1.306437;115.704;98.91263;359.7398;35.05595;359.3593
/home/ohnozzy/RoboND-Rover-Project/IMG/robocam_2018_09_09_16_53_44_305.jpg;-1.97329;0;0;1.302726;115.79;98.96975;359.697;34.61683;359.4779
/home/ohnozzy/RoboND-Rover-Project/IMG/robocam_2018_09_09_16_53_44_372.jpg;0;0;0;1.298109;115.8537;99.01346;359.667;34.57211;359.5979
/home/ohnozzy/RoboND-Rover-Project/IMG/robocam_2018_09_09_16_53_44_438.jpg;-2.111406;0;0;1.292082;115.9173;99.05689;359.6411;34.5307;359.7107
/home/ohnozzy/RoboND-Rover-Project/IMG/robocam_2018_09_09_16_53_44_508.jpg;-5.996161;0;0;1.287282;116.0035;99.11193;359.6116;34.02768;359.7838
/home/ohnozzy/RoboND-Rover-Project/IMG/robocam_2018_09_09_16_53_44_572.jpg;-10.19689;0;0;1.28149;116.0694;99.15044;359.5889;33.27776;359.7708
/home/ohnozzy/RoboND-Rover-Project/IMG/robocam_2018_09_09_16_53_44_638.jpg;-14.00773;0;0;1.271749;116.1363;99.18661;359.578;32.25635;359.7169
/home/ohnozzy/RoboND-Rover-Project/IMG/robocam_2018_09_09_16_53_44_706.jpg;-15;0;0;1.262908;116.227;99.23124;359.5859;30.6015;359.5987
/home/ohnozzy/RoboND-Rover-Project/IMG/robocam_2018_09_09_16_53_44_772.jpg;-15;0;0;1.256253;116.2957;99.2627;359.6052;29.3362;359.4955
/home/ohnozzy/RoboND-Rover-Project/IMG/robocam_2018_09_09_16_53_44_840.jpg;-12.93666;0;0;1.247797;116.3648;99.29299;359.6406;28.11264;359.4008
/home/ohnozzy/RoboND-Rover-Project/IMG/robocam_2018_09_09_16_53_44_905.jpg;-12.77371;0;0;1.24501;116.4569;99.33257;359.6972;26.75596;359.3026
/home/ohnozzy/RoboND-Rover-Project/IMG/robocam_2018_09_09_16_53_44_973.jpg;-15;0;0;1.236932;116.5267;99.35931;359.7443;25.54488;359.2042
/home/ohnozzy/RoboND-Rover-Project/IMG/robocam_2018_09_09_16_53_45_040.jpg;-12.97188;0;0;1.227998;116.5967;99.38476;359.8032;24.34032;359.1203
/home/ohnozzy/RoboND-Rover-Project/IMG/robocam_2018_09_09_16_53_45_105.jpg;-9.073448;0;0;1.224921;116.69;99.41906;359.9012;23.14873;359.086
/home/ohnozzy/RoboND-Rover-Project/IMG/robocam_2018_09_09_16_53_45_173.jpg;-4.991999;0;0;1.221908;116.7593;99.44527;359.9606;22.59634;359.1049
/home/ohnozzy/RoboND-Rover-Project/IMG/robocam_2018_09_09_16_53_45_239.jpg;-1.092782;0;0;1.217435;116.8279;99.47228;0.003146236;22.33218;359.1642
/home/ohnozzy/RoboND-Rover-Project/IMG/robocam_2018_09_09_16_53_45_305.jpg;0;0;0;1.213328;116.9181;99.5093;0.03506251;22.29726;359.2909
/home/ohnozzy/RoboND-Rover-Project/IMG/robocam_2018_09_09_16_53_45_373.jpg;0;0;0;1.209403;116.9853;99.53686;0.04443134;22.29619;359.3937
/home/ohnozzy/RoboND-Rover-Project/IMG/robocam_2018_09_09_16_53_45_438.jpg;0;0;0;1.204166;117.0521;99.56424;0.04284613;22.29594;359.4994
/home/ohnozzy/RoboND-Rover-Project/IMG/robocam_2018_09_09_16_53_45_505.jpg;0;0;0;1.200223;117.1407;99.60047;0.02606528;22.29571;359.641
/home/ohnozzy/RoboND-Rover-Project/IMG/robocam_2018_09_09_16_53_45_571.jpg;0;0;0;1.196263;117.2066;99.62746;0.004423628;22.29558;359.7448
/home/ohnozzy/RoboND-Rover-Project/IMG/robocam_2018_09_09_16_53_45_638.jpg;0;0;0;1.190953;117.2723;99.6543;359.9767;22.29549;359.8443
/home/ohnozzy/RoboND-Rover-Project/IMG/robocam_2018_09_09_16_53_45_705.jpg;0;0;0;1.186951;117.3595;99.68989;359.9332;22.29545;359.9678
/home/ohnozzy/RoboND-Rover-Project/IMG/robocam_2018_09_09_16_53_45_772.jpg;0;0;0;1.182935;117.4245;99.71645;359.8975;22.29549;0.05173479
/home/ohnozzy/RoboND-Rover-Project/IMG/robocam_2018_09_09_16_53_45_839.jpg;0;0;0;1.177565;117.4893;99.7429;359.8607;22.29555;0.1270373
/home/ohnozzy/RoboND-Rover-Project/IMG/robocam_2018_09_09_16_53_45_904.jpg;0;0;0;1.173531;117.5539;99.76926;359.8242;22.29566;0.1929787
/home/ohnozzy/RoboND-Rover-Project/IMG/robocam_2018_09_09_16_53_45_974.jpg;0;0;0;1.169495;117.6399;99.80424;359.7859;22.2925;0.2567247
/home/ohnozzy/RoboND-Rover-Project/IMG/robocam_2018_09_09_16_53_46_038.jpg;0;0;0;1.16376;117.7043;99.83044;359.7704;22.28982;0.2853675
/home/ohnozzy/RoboND-Rover-Project/IMG/robocam_2018_09_09_16_53_46_105.jpg;0;0;0;1.159629;117.79;99.86533;359.762;22.28598;0.3020834
/home/ohnozzy/RoboND-Rover-Project/IMG/robocam_2018_09_09_16_53_46_172.jpg;0;0;0;1.155542;117.8541;99.89149;359.7583;22.28551;0.3063918
/home/ohnozzy/RoboND-Rover-Project/IMG/robocam_2018_09_09_16_53_46_238.jpg;0;0;0;1.15019;117.918;99.91756;359.7597;22.28389;0.2991137
/home/ohnozzy/RoboND-Rover-Project/IMG/robocam_2018_09_09_16_53_46_306.jpg;0;0;0;1.146;118.0026;99.95287;359.7646;22.38506;0.2931162
/home/ohnozzy/RoboND-Rover-Project/IMG/robocam_2018_09_09_16_53_46_372.jpg;0;0;0;1.141997;118.066;99.97892;359.7675;22.38905;0.2736455
/home/ohnozzy/RoboND-Rover-Project/IMG/robocam_2018_09_09_16_53_46_437.jpg;0;0;0;1.13683;118.1291;100.0049;359.7691;22.38933;0.250354
/home/ohnozzy/RoboND-Rover-Project/IMG/robocam_2018_09_09_16_53_46_505.jpg;0;0;0;1.132971;118.2129;100.0394;359.7694;22.3894;0.214815
/home/ohnozzy/RoboND-Rover-Project/IMG/robocam_2018_09_09_16_53_46_574.jpg;0;0;0;1.129123;118.2754;100.0651;359.7684;22.38943;0.1858265
/home/ohnozzy/RoboND-Rover-Project/IMG/robocam_2018_09_09_16_53_46_638.jpg;0;0;0;1.124009;118.3377;100.0908;359.7667;22.38944;0.1556844
/home/ohnozzy/RoboND-Rover-Project/IMG/robocam_2018_09_09_16_53_46_706.jpg;0;0;0;1.120185;118.4205;100.1249;359.7634;22.38945;0.1149274
/home/ohnozzy/RoboND-Rover-Project/IMG/robocam_2018_09_09_16_53_46_771.jpg;0;0;0;1.116371;118.4823;100.1504;359.7604;22.38946;0.08477402
/home/ohnozzy/RoboND-Rover-Project/IMG/robocam_2018_09_09_16_53_46_842.jpg;0;0;0;1.112566;118.5439;100.1758;359.7572;22.38944;0.05561804
/home/ohnozzy/RoboND-Rover-Project/IMG/robocam_2018_09_09_16_53_46_895.jpg;0;0;0;1.107507;118.6053;100.2011;359.7539;22.38943;0.0279606
/home/ohnozzy/RoboND-Rover-Project/IMG/robocam_2018_09_09_16_53_46_962.jpg;0;0;0;1.103725;118.6665;100.2264;359.7506;22.3894;0.00222685
/home/ohnozzy/RoboND-Rover-Project/IMG/robocam_2018_09_09_16_53_47_006.jpg;0;0;0;1.102466;118.7274;100.2515;359.7475;22.38937;359.9788
/home/ohnozzy/RoboND-Rover-Project/IMG/robocam_2018_09_09_16_53_47_071.jpg;0;0;0;1.097444;118.7882;100.2766;359.7447;22.38934;359.9579
/home/ohnozzy/RoboND-Rover-Project/IMG/robocam_2018_09_09_16_53_47_139.jpg;0;0;0;1.093658;118.8488;100.3016;359.7476;22.39084;359.9447
/home/ohnozzy/RoboND-Rover-Project/IMG/robocam_2018_09_09_16_53_47_206.jpg;0;0;0;1.088597;118.9293;100.3349;359.7533;22.39188;359.9319
/home/ohnozzy/RoboND-Rover-Project/IMG/robocam_2018_09_09_16_53_47_272.jpg;-2.036648;0;0;1.084795;118.9897;100.3592;359.7585;22.31261;359.9132
/home/ohnozzy/RoboND-Rover-Project/IMG/robocam_2018_09_09_16_53_47_339.jpg;-6.05155;0;0;1.078893;119.0504;100.382;359.7671;22.00475;359.8682
/home/ohnozzy/RoboND-Rover-Project/IMG/robocam_2018_09_09_16_53_47_406.jpg;-10.03572;0;0;1.072917;119.1321;100.4092;359.7853;21.15979;359.7599
/home/ohnozzy/RoboND-Rover-Project/IMG/robocam_2018_09_09_16_53_47_471.jpg;-14.01223;0;0;1.065961;119.1938;100.4269;359.8038;20.22249;359.6452
/home/ohnozzy/RoboND-Rover-Project/IMG/robocam_2018_09_09_16_53_47_537.jpg;-15;0;0;1.055641;119.2556;100.4425;359.8246;19.13805;359.5152
/home/ohnozzy/RoboND-Rover-Project/IMG/robocam_2018_09_09_16_53_47_604.jpg;-15;0;0;1.049825;119.3174;100.457;359.8553;18.04539;359.3969
/home/ohnozzy/RoboND-Rover-Project/IMG/robocam_2018_09_09_16_53_47_671.jpg;-15;0;0;1.044387;119.3997;100.4743;359.9;16.59216;359.2498
/home/ohnozzy/RoboND-Rover-Project/IMG/robocam_2018_09_09_16_53_47_737.jpg;-11.01857;0;0;1.038767;119.4613;100.4868;359.9354;15.64878;359.1706
/home/ohnozzy/RoboND-Rover-Project/IMG/robocam_2018_09_09_16_53_47_806.jpg;-7.064509;0;0;1.036675;119.5429;100.5044;359.9799;14.80119;359.1354
/home/ohnozzy/RoboND-Rover-Project/IMG/robocam_2018_09_09_16_53_47_872.jpg;-3.024416;0;0;1.0342;119.6036;100.5186;0.002487176;14.47829;359.1596
/home/ohnozzy/RoboND-Rover-Project/IMG/robocam_2018_09_09_16_53_47_939.jpg;-3.011642;0;0;1.031077;119.6637;100.5332;0.01078196;14.29855;359.209
/home/ohnozzy/RoboND-Rover-Project/IMG/robocam_2018_09_09_16_53_48_006.jpg;-3.106327;0;0;1.02611;119.7436;100.551;0.00571308;13.90561;359.2648
/home/ohnozzy/RoboND-Rover-Project/IMG/robocam_2018_09_09_16_53_48_071.jpg;0;0;0;1.022851;119.8029;100.5654;359.9919;13.84056;359.3455
/home/ohnozzy/RoboND-Rover-Project/IMG/robocam_2018_09_09_16_53_48_139.jpg;-4.071307;0;0;1.018254;119.8621;100.5789;359.9725;13.68164;359.4132
/home/ohnozzy/RoboND-Rover-Project/IMG/robocam_2018_09_09_16_53_48_205.jpg;-8.028073;0;0;1.014013;119.941;100.5939;359.9392;13.06001;359.4513
/home/ohnozzy/RoboND-Rover-Project/IMG/robocam_2018_09_09_16_53_48_271.jpg;-12.10992;0;0;1.00896;120.0001;100.6028;359.9127;12.30293;359.4432
/home/ohnozzy/RoboND-Rover-Project/IMG/robocam_2018_09_09_16_53_48_339.jpg;-15;0;0;1.000456;120.0593;100.6095;359.89;11.34162;359.4134
/home/ohnozzy/RoboND-Rover-Project/IMG/robocam_2018_09_09_16_53_48_408.jpg;-15;0;0;0.9949039;120.1379;100.6164;359.8656;9.970886;359.3632
/home/ohnozzy/RoboND-Rover-Project/IMG/robocam_2018_09_09_16_53_48_467.jpg;-15;0;0;0.9900547;120.1967;100.6203;359.8523;8.941612;359.3251
/home/ohnozzy/RoboND-Rover-Project/IMG/robocam_2018_09_09_16_53_48_528.jpg;-15;0;0;0.9853817;120.2554;100.6232;359.8469;7.917107;359.2932
/home/ohnozzy/RoboND-Rover-Project/IMG/robocam_2018_09_09_16_53_48_603.jpg;-15;0;0;0.9806252;120.3139;100.6249;359.8429;6.893265;359.2602
/home/ohnozzy/RoboND-Rover-Project/IMG/robocam_2018_09_09_16_53_48_671.jpg;-15;0;0;0.9744356;120.3915;100.6256;359.8444;5.534187;359.2233
/home/ohnozzy/RoboND-Rover-Project/IMG/robocam_2018_09_09_16_53_48_739.jpg;-11.03647;0;0;0.9708524;120.4496;100.6262;359.8508;4.696983;359.2263
/home/ohnozzy/RoboND-Rover-Project/IMG/robocam_2018_09_09_16_53_48_803.jpg;-7.032609;0;0;0.967949;120.5076;100.6273;359.8559;4.084419;359.2584
/home/ohnozzy/RoboND-Rover-Project/IMG/robocam_2018_09_09_16_53_48_871.jpg;-3.013144;0;0;0.9654979;120.5846;100.6303;359.8582;3.662682;359.3551
/home/ohnozzy/RoboND-Rover-Project/IMG/robocam_2018_09_09_16_53_48_937.jpg;0;0;0;0.9612097;120.6421;100.6336;359.8549;3.583466;359.4596
/home/ohnozzy/RoboND-Rover-Project/IMG/robocam_2018_09_09_16_53_49_006.jpg;0;0;0;0.957851;120.7184;100.6383;359.8467;3.578079;359.6097
/home/ohnozzy/RoboND-Rover-Project/IMG/robocam_2018_09_09_16_53_49_070.jpg;0;0;0;0.9546094;120.7753;100.6418;359.8388;3.577972;359.72
/home/ohnozzy/RoboND-Rover-Project/IMG/robocam_2018_09_09_16_53_49_137.jpg;0;0;0;0.9502622;120.832;100.6453;359.8301;3.57798;359.8261
/home/ohnozzy/RoboND-Rover-Project/IMG/robocam_2018_09_09_16_53_49_203.jpg;0;0;0;0.9469875;120.8885;100.6487;359.8208;3.578018;359.9262
/home/ohnozzy/RoboND-Rover-Project/IMG/robocam_2018_09_09_16_53_49_271.jpg;2.057519;0;0;0.943706;120.9636;100.6538;359.8079;3.651466;0.05904789
/home/ohnozzy/RoboND-Rover-Project/IMG/robocam_2018_09_09_16_53_49_337.jpg;0;0;0;0.9390058;121.0196;100.6573;359.7982;3.672966;0.1418791
/home/ohnozzy/RoboND-Rover-Project/IMG/robocam_2018_09_09_16_53_49_404.jpg;0;0;0;0.9357379;121.0755;100.6608;359.7892;3.674103;0.2131277
/home/ohnozzy/RoboND-Rover-Project/IMG/robocam_2018_09_09_16_53_49_470.jpg;2.029266;0;0;0.9324706;121.1497;100.6658;359.7849;3.743629;0.2955683
/home/ohnozzy/RoboND-Rover-Project/IMG/robocam_2018_09_09_16_53_49_537.jpg;1.901579;0;0;0.9266757;121.2053;100.6706;359.7957;3.952843;0.3554752
/home/ohnozzy/RoboND-Rover-Project/IMG/robocam_2018_09_09_16_53_49_604.jpg;5.888944;0;0;0.9230798;121.2607;100.676;359.8106;4.225769;0.4132943
/home/ohnozzy/RoboND-Rover-Project/IMG/robocam_2018_09_09_16_53_49_672.jpg;5.919957;0;0;0.9176515;121.334;100.685;359.8391;4.825256;0.4971561
/home/ohnozzy/RoboND-Rover-Project/IMG/robocam_2018_09_09_16_53_49_738.jpg;9.929752;0;0;0.9140202;121.3885;100.6931;359.8638;5.400398;0.5629907
/home/ohnozzy/RoboND-Rover-Project/IMG/robocam_2018_09_09_16_53_49_805.jpg;9.964142;0;0;0.9062194;121.4604;100.7057;359.8979;6.348267;0.6539011
/home/ohnozzy/RoboND-Rover-Project/IMG/robocam_2018_09_09_16_53_49_874.jpg;13.89948;0;0;0.9023771;121.5136;100.7167;359.9213;7.170052;0.7265701
/home/ohnozzy/RoboND-Rover-Project/IMG/robocam_2018_09_09_16_53_49_938.jpg;15;0;0;0.8957328;121.5661;100.7291;359.946;8.111191;0.7977313
/home/ohnozzy/RoboND-Rover-Project/IMG/robocam_2018_09_09_16_53_50_006.jpg;15;0;0;0.889454;121.6353;100.7469;359.9752;9.374481;0.8768576
/home/ohnozzy/RoboND-Rover-Project/IMG/robocam_2018_09_09_16_53_50_062.jpg;15;0;0;0.8850034;121.6695;100.7563;359.9881;10.00301;0.9083501
/home/ohnozzy/RoboND-Rover-Project/IMG/robocam_2018_09_09_16_53_50_131.jpg;15;0;0;0.880812;121.7371;100.7761;0.005770176;11.25304;0.9553972
/home/ohnozzy/RoboND-Rover-Project/IMG/robocam_2018_09_09_16_53_50_172.jpg;15;0;0;0.878029;121.7703;100.7865;0.002643497;11.87257;0.9698715
/home/ohnozzy/RoboND-Rover-Project/IMG/robocam_2018_09_09_16_53_50_237.jpg;15;0;0;0.8728366;121.8197;100.8027;-0.00517104;12.79833;0.9845786
/home/ohnozzy/RoboND-Rover-Project/IMG/robocam_2018_09_09_16_53_50_307.jpg;15;0;0;0.8688082;121.8848;100.8253;359.9838;14.02378;0.9875477
/home/ohnozzy/RoboND-Rover-Project/IMG/robocam_2018_09_09_16_53_50_371.jpg;15;0;0;0.864935;121.933;100.8431;359.9748;14.93666;0.9778723
/home/ohnozzy/RoboND-Rover-Project/IMG/robocam_2018_09_09_16_53_50_440.jpg;15;0;0;0.8597763;121.9806;100.8616;359.9615;15.84747;0.9646516
/home/ohnozzy/RoboND-Rover-Project/IMG/robocam_2018_09_09_16_53_50_507.jpg;15;0;0;0.8559192;122.0432;100.8873;359.943;17.05474;0.9355579
/home/ohnozzy/RoboND-Rover-Project/IMG/robocam_2018_09_09_16_53_50_573.jpg;15;0;0;0.8521923;122.0896;100.9073;359.9285;17.95525;0.9071031
/home/ohnozzy/RoboND-Rover-Project/IMG/robocam_2018_09_09_16_53_50_638.jpg;15;0;0;0.8472127;122.1353;100.928;359.911;18.85377;0.8779919
/home/ohnozzy/RoboND-Rover-Project/IMG/robocam_2018_09_09_16_53_50_707.jpg;15;0;0;0.8434723;122.1955;100.9566;359.888;20.04567;0.833957
/home/ohnozzy/RoboND-Rover-Project/IMG/robocam_2018_09_09_16_53_50_773.jpg;15;0;0;0.8398135;122.2401;100.9787;359.8711;20.93542;0.7986735
/home/ohnozzy/RoboND-Rover-Project/IMG/robocam_2018_09_09_16_53_50_839.jpg;15;0;0;0.8349075;122.284;101.0014;359.8531;21.82319;0.7648986
/home/ohnozzy/RoboND-Rover-Project/IMG/robocam_2018_09_09_16_53_50_908.jpg;15;0;0;0.83121;122.3418;101.0327;359.8311;23.00172;0.7195283
/home/ohnozzy/RoboND-Rover-Project/IMG/robocam_2018_09_09_16_53_50_972.jpg;15;0;0;0.8275648;122.3846;101.0568;359.816;23.88206;0.6863991
/home/ohnozzy/RoboND-Rover-Project/IMG/robocam_2018_09_09_16_53_51_038.jpg;15;0;0;0.8226817;122.4267;101.0815;359.8016;24.75982;0.6558677
/home/ohnozzy/RoboND-Rover-Project/IMG/robocam_2018_09_09_16_53_51_106.jpg;15;0;0;0.8190203;122.4821;101.1153;359.7841;25.92642;0.6196189
/home/ohnozzy/RoboND-Rover-Project/IMG/robocam_2018_09_09_16_53_51_172.jpg;15;0;0;0.8153664;122.5231;101.1413;359.7747;26.79686;0.5930761
/home/ohnozzy/RoboND-Rover-Project/IMG/robocam_2018_09_09_16_53_51_239.jpg;15;0;0;0.8104497;122.5634;101.1677;359.7664;27.6656;0.5706602
/home/ohnozzy/RoboND-Rover-Project/IMG/robocam_2018_09_09_16_53_51_304.jpg;15;0;0;0.8067884;122.6032;101.1948;359.7599;28.53143;0.5510505
/home/ohnozzy/RoboND-Rover-Project/IMG/robocam_2018_09_09_16_53_51_373.jpg;15;0;0;0.8031206;122.6554;101.2315;359.7542;29.68187;0.529815
/home/ohnozzy/RoboND-Rover-Project/IMG/robocam_2018_09_09_16_53_51_438.jpg;15;0;0;0.7982391;122.6939;101.2597;359.7524;30.54119;0.5167213
/home/ohnozzy/RoboND-Rover-Project/IMG/robocam_2018_09_09_16_53_51_505.jpg;15;0;0;0.7945706;122.7444;101.2979;359.7522;31.68303;0.5042455
/home/ohnozzy/RoboND-Rover-Project/IMG/robocam_2018_09_09_16_53_51_574.jpg;15;0;0;0.7909067;122.7815;101.3271;359.7546;32.53575;0.4970076
/home/ohnozzy/RoboND-Rover-Project/IMG/robocam_2018_09_09_16_53_51_637.jpg;15;0;0;0.7859903;122.8181;101.3568;359.7584;33.38555;0.4919567
/home/ohnozzy/RoboND-Rover-Project/IMG/robocam_2018_09_09_16_53_51_704.jpg;15;0;0;0.7823441;122.8541;101.3868;359.7634;34.23232;0.4888709
/home/ohnozzy/RoboND-Rover-Project/IMG/robocam_2018_09_09_16_53_51_773.jpg;15;0;0;0.7787083;122.9012;101.4276;359.773;35.35622;0.4859746
/home/ohnozzy/RoboND-Rover-Project/IMG/robocam_2018_09_09_16_53_51_837.jpg;15;0;0;0.7739012;122.9358;101.4585;359.7801;36.1961;0.4865009
/home/ohnozzy/RoboND-Rover-Project/IMG/robocam_2018_09_09_16_53_51_908.jpg;15;0;0;0.770306;122.981;101.5004;359.7906;37.31011;0.4880871
/home/ohnozzy/RoboND-Rover-Project/IMG/robocam_2018_09_09_16_53_51_972.jpg;15;0;0;0.7666572;123.0141;101.5322;359.7983;38.14215;0.4905898
/home/ohnozzy/RoboND-Rover-Project/IMG/robocam_2018_09_09_16_53_52_038.jpg;15;0;0;0.7619218;123.0466;101.5643;359.806;38.97102;0.4937757
/home/ohnozzy/RoboND-Rover-Project/IMG/robocam_2018_09_09_16_53_52_107.jpg;15;0;0;0.7583846;123.0891;101.6076;359.816;40.06987;0.4975758
/home/ohnozzy/RoboND-Rover-Project/IMG/robocam_2018_09_09_16_53_52_173.jpg;15;0;0;0.7547984;123.1201;101.6405;359.8227;40.89009;0.5007921
/home/ohnozzy/RoboND-Rover-Project/IMG/robocam_2018_09_09_16_53_52_239.jpg;15;0;0;0.7501394;123.1506;101.6736;359.8287;41.70694;0.5040661
/home/ohnozzy/RoboND-Rover-Project/IMG/robocam_2018_09_09_16_53_52_306.jpg;15;0;0;0.7466019;123.1902;101.7181;359.8364;42.79045;0.5071393
/home/ohnozzy/RoboND-Rover-Project/IMG/robocam_2018_09_09_16_53_52_372.jpg;13.1004;0;0;0.7431465;123.2195;101.7516;359.8416;43.54436;0.5012628
/home/ohnozzy/RoboND-Rover-Project/IMG/robocam_2018_09_09_16_53_52_438.jpg;9.070916;0;0;0.7415189;123.2493;101.7846;359.8476;44.10208;0.4692318
/home/ohnozzy/RoboND-Rover-Project/IMG/robocam_2018_09_09_16_53_52_505.jpg;4.996076;0;0;0.7391977;123.2897;101.8278;359.8547;44.57216;0.3930306
/home/ohnozzy/RoboND-Rover-Project/IMG/robocam_2018_09_09_16_53_52_573.jpg;0.9587431;0;0;0.7369534;123.3207;101.8593;359.858;44.69117;0.3068411
/home/ohnozzy/RoboND-Rover-Project/IMG/robocam_2018_09_09_16_53_52_638.jpg;0.9718323;0;0;0.7330533;123.352;101.8901;359.8593;44.6761;0.2076016
/home/ohnozzy/RoboND-Rover-Project/IMG/robocam_2018_09_09_16_53_52_706.jpg;4.871049;0;0;0.7306312;123.3922;101.9323;359.858;44.92719;0.1221308
/home/ohnozzy/RoboND-Rover-Project/IMG/robocam_2018_09_09_16_53_52_773.jpg;8.889785;0;0;0.7275816;123.421;101.9649;359.8524;45.34238;0.09654764
/home/ohnozzy/RoboND-Rover-Project/IMG/robocam_2018_09_09_16_53_52_838.jpg;12.88814;0;0;0.7225115;123.4485;101.9981;359.8416;45.93309;0.102241
/home/ohnozzy/RoboND-Rover-Project/IMG/robocam_2018_09_09_16_53_52_906.jpg;15;0;0;0.7172085;123.4831;102.0433;359.8176;46.95355;0.1532308
/home/ohnozzy/RoboND-Rover-Project/IMG/robocam_2018_09_09_16_53_52_972.jpg;15;0;0;0.7136209;123.5084;102.0774;359.7987;47.72903;0.1990011
/home/ohnozzy/RoboND-Rover-Project/IMG/robocam_2018_09_09_16_53_53_038.jpg;15;0;0;0.7089891;123.5332;102.1118;359.7859;48.49937;0.2424849
/home/ohnozzy/RoboND-Rover-Project/IMG/robocam_2018_09_09_16_53_53_109.jpg;15;0;0;0.7052224;123.5654;102.1579;359.7819;49.52399;0.2950914
/home/ohnozzy/RoboND-Rover-Project/IMG/robocam_2018_09_09_16_53_53_175.jpg;15;0;0;0.7016221;123.589;102.1928;359.7856;50.29044;0.3312411
/home/ohnozzy/RoboND-Rover-Project/IMG/robocam_2018_09_09_16_53_53_237.jpg;15;0;0;0.6968525;123.6119;102.2278;359.7922;51.05598;0.3664512
/home/ohnozzy/RoboND-Rover-Project/IMG/robocam_2018_09_09_16_53_53_297.jpg;15;0;0;0.6933047;123.6343;102.263;359.8026;51.81819;0.3970268
/home/ohnozzy/RoboND-Rover-Project/IMG/robocam_2018_09_09_16_53_53_372.jpg;15;0;0;0.6898705;123.6633;102.3102;359.8186;52.83075;0.4335105
/home/ohnozzy/RoboND-Rover-Project/IMG/robocam_2018_09_09_16_53_53_438.jpg;15;0;0;0.6853266;123.6843;102.3457;359.831;53.58689;0.4572347
/home/ohnozzy/RoboND-Rover-Project/IMG/robocam_2018_09_09_16_53_53_505.jpg;15;0;0;0.6819478;123.7115;102.3932;359.8477;54.5893;0.4823577
/home/ohnozzy/RoboND-Rover-Project/IMG/robocam_2018_09_09_16_53_53_573.jpg;15;0;0;0.6794039;123.7314;102.4288;359.8597;55.30686;0.4926627
/home/ohnozzy/RoboND-Rover-Project/IMG/robocam_2018_09_09_16_53_53_639.jpg;15;0;0;0.6743116;123.7505;102.4645;359.869;56.05035;0.5044012
/home/ohnozzy/RoboND-Rover-Project/IMG/robocam_2018_09_09_16_53_53_706.jpg;15;0;0;0.671063;123.7751;102.5122;359.8792;57.03604;0.5139818
/home/ohnozzy/RoboND-Rover-Project/IMG/robocam_2018_09_09_16_53_53_772.jpg;10.98367;0;0;0.6686329;123.7938;102.5477;359.8871;57.63393;0.4978124
/home/ohnozzy/RoboND-Rover-Project/IMG/robocam_2018_09_09_16_53_53_838.jpg;11.09568;0;0;0.6667061;123.8126;102.583;359.8925;58.12062;0.467962
/home/ohnozzy/RoboND-Rover-Project/IMG/robocam_2018_09_09_16_53_53_907.jpg;15;0;0;0.662636;123.8355;102.6305;359.8894;59.00836;0.4626318
/home/ohnozzy/RoboND-Rover-Project/IMG/robocam_2018_09_09_16_53_53_974.jpg;10.97035;0;0;0.6592007;123.8526;102.666;359.8878;59.59505;0.4430567
/home/ohnozzy/RoboND-Rover-Project/IMG/robocam_2018_09_09_16_53_54_038.jpg;7.089729;0;0;0.6572648;123.8702;102.7011;359.8857;60.02514;0.4037068
/home/ohnozzy/RoboND-Rover-Project/IMG/robocam_2018_09_09_16_53_54_109.jpg;3.067989;0;0;0.6555571;123.8948;102.7472;359.8824;60.31839;0.3157034
/home/ohnozzy/RoboND-Rover-Project/IMG/robocam_2018_09_09_16_53_54_173.jpg;0;0;0;0.6532137;123.9139;102.7812;359.8786;60.35139;0.2276656
/home/ohnozzy/RoboND-Rover-Project/IMG/robocam_2018_09_09_16_53_54_239.jpg;0;0;0;0.6500858;123.9331;102.8151;359.8741;60.35213;0.140409
/home/ohnozzy/RoboND-Rover-Project/IMG/robocam_2018_09_09_16_53_54_308.jpg;0;0;0;0.6478265;123.9586;102.86;359.8678;60.35209;0.03199029
/home/ohnozzy/RoboND-Rover-Project/IMG/robocam_2018_09_09_16_53_54_374.jpg;0;0;0;0.6455598;123.9776;102.8936;359.8631;60.35202;359.9582
/home/ohnozzy/RoboND-Rover-Project/IMG/robocam_2018_09_09_16_53_54_441.jpg;4.124279;0;0;0.6425644;123.9959;102.9274;359.8577;60.46442;359.9084
/home/ohnozzy/RoboND-Rover-Project/IMG/robocam_2018_09_09_16_53_54_500.jpg;8.315878;0;0;0.6397734;124.013;102.9616;359.8497;60.76982;359.8929
/home/ohnozzy/RoboND-Rover-Project/IMG/robocam_2018_09_09_16_53_54_562.jpg;11.41776;0;0;0.6363366;124.0289;102.9961;359.8383;61.24058;359.9078
/home/ohnozzy/RoboND-Rover-Project/IMG/robocam_2018_09_09_16_53_54_608.jpg;13.44797;0;0;0.6349434;124.0435;103.0309;359.8227;61.85706;359.9502
/home/ohnozzy/RoboND-Rover-Project/IMG/robocam_2018_09_09_16_53_54_673.jpg;13.00555;0;0;0.629287;124.0576;103.0657;359.8071;62.49313;0.000436661
/home/ohnozzy/RoboND-Rover-Project/IMG/robocam_2018_09_09_16_53_54_740.jpg;9.080887;0;0;0.6271763;124.0722;103.1002;359.7972;62.99666;0.03505444
/home/ohnozzy/RoboND-Rover-Project/IMG/robocam_2018_09_09_16_53_54_801.jpg;4.87627;0;0;0.625954;124.0875;103.1344;359.7929;63.31418;0.046708
/home/ohnozzy/RoboND-Rover-Project/IMG/robocam_2018_09_09_16_53_54_862.jpg;1.634231;0;0;0.6242231;124.1035;103.1683;359.7921;63.46255;0.03801406
/home/ohnozzy/RoboND-Rover-Project/IMG/robocam_2018_09_09_16_53_54_941.jpg;0;0;0;0.6220202;124.1257;103.2128;359.7943;63.47404;0.005450822
/home/ohnozzy/RoboND-Rover-Project/IMG/robocam_2018_09_09_16_53_55_008.jpg;-4.533534;0;0;0.6187965;124.1489;103.2566;359.798;63.27792;359.9479
/home/ohnozzy/RoboND-Rover-Project/IMG/robocam_2018_09_09_16_53_55_074.jpg;-8.432636;0;0;0.6156281;124.1674;103.2885;359.7995;62.9365;359.8812
/home/ohnozzy/RoboND-Rover-Project/IMG/robocam_2018_09_09_16_53_55_139.jpg;-4.472637;0;0;0.612025;124.1856;103.3207;359.8104;62.65423;359.8365
/home/ohnozzy/RoboND-Rover-Project/IMG/robocam_2018_09_09_16_53_55_207.jpg;-0.4687071;0;0;0.6103434;124.2086;103.364;359.8272;62.54004;359.8167
/home/ohnozzy/RoboND-Rover-Project/IMG/robocam_2018_09_09_16_53_55_274.jpg;3.54877;0;0;0.6081859;124.2248;103.3969;359.838;62.65266;359.833
/home/ohnozzy/RoboND-Rover-Project/IMG/robocam_2018_09_09_16_53_55_341.jpg;7.548122;0;0;0.6045631;124.24;103.43;359.8458;62.92142;359.8737
/home/ohnozzy/RoboND-Rover-Project/IMG/robocam_2018_09_09_16_53_55_407.jpg;11.63316;0;0;0.6008489;124.2584;103.4745;359.8487;63.54224;359.9676
/home/ohnozzy/RoboND-Rover-Project/IMG/robocam_2018_09_09_16_53_55_472.jpg;11.54257;0;0;0.5964606;124.2713;103.508;359.8474;64.08743;0.048858
/home/ohnozzy/RoboND-Rover-Project/IMG/robocam_2018_09_09_16_53_55_540.jpg;7.532287;0;0;0.5945681;124.2847;103.5411;359.8489;64.50356;0.109662
/home/ohnozzy/RoboND-Rover-Project/IMG/robocam_2018_09_09_16_53_55_609.jpg;11.5946;0;0;0.5922039;124.3016;103.5854;359.8514;65.11446;0.1942485
/home/ohnozzy/RoboND-Rover-Project/IMG/robocam_2018_09_09_16_53_55_675.jpg;15;0;0;0.5876035;124.313;103.6188;359.8558;65.73393;0.2695245
/home/ohnozzy/RoboND-Rover-Project/IMG/robocam_2018_09_09_16_53_55_741.jpg;15;0;0;0.5821138;124.3238;103.6522;359.8668;66.38233;0.3349553
/home/ohnozzy/RoboND-Rover-Project/IMG/robocam_2018_09_09_16_53_55_807.jpg;13.0926;0;0;0.5789184;124.3378;103.6967;359.8852;67.201;0.4031186
/home/ohnozzy/RoboND-Rover-Project/IMG/robocam_2018_09_09_16_53_55_875.jpg;15;0;0;0.5760484;124.3476;103.73;359.8984;67.83899;0.4492388
/home/ohnozzy/RoboND-Rover-Project/IMG/robocam_2018_09_09_16_53_55_939.jpg;15;0;0;0.5718079;124.3569;103.7633;359.9128;68.47938;0.484248
/home/ohnozzy/RoboND-Rover-Project/IMG/robocam_2018_09_09_16_53_56_007.jpg;12.96919;0;0;0.5688975;124.369;103.8074;359.9298;69.28217;0.5122292
/home/ohnozzy/RoboND-Rover-Project/IMG/robocam_2018_09_09_16_53_56_073.jpg;8.998618;0;0;0.5677203;124.3786;103.8401;359.9414;69.71478;0.5028842
/home/ohnozzy/RoboND-Rover-Project/IMG/robocam_2018_09_09_16_53_56_139.jpg;5.001969;0;0;0.566056;124.3888;103.8726;359.95;70.0052;0.4703758
/home/ohnozzy/RoboND-Rover-Project/IMG/robocam_2018_09_09_16_53_56_208.jpg;0.9880829;0;0;0.5644274;124.4035;103.9153;359.9559;70.14025;0.3890266
/home/ohnozzy/RoboND-Rover-Project/IMG/robocam_2018_09_09_16_53_56_275.jpg;0;0;0;0.5623795;124.4149;103.947;359.9561;70.14554;0.3146296
/home/ohnozzy/RoboND-Rover-Project/IMG/robocam_2018_09_09_16_53_56_342.jpg;0;0;0;0.5598801;124.4263;103.9786;359.9537;70.1457;0.2403091
/home/ohnozzy/RoboND-Rover-Project/IMG/robocam_2018_09_09_16_53_56_395.jpg;0;0;0;0.5579953;124.4376;104.01;359.949;70.14574;0.1677442
/home/ohnozzy/RoboND-Rover-Project/IMG/robocam_2018_09_09_16_53_56_465.jpg;0;0;0;0.5560971;124.4525;104.0516;359.94;70.14574;0.07597299
/home/ohnozzy/RoboND-Rover-Project/IMG/robocam_2018_09_09_16_53_56_507.jpg;0;0;0;0.5548257;124.46;104.0724;359.9346;70.14574;0.03297112
/home/ohnozzy/RoboND-Rover-Project/IMG/robocam_2018_09_09_16_53_56_574.jpg;0;0;0;0.5529121;124.4711;104.1034;359.9257;70.1457;359.9728
/home/ohnozzy/RoboND-Rover-Project/IMG/robocam_2018_09_09_16_53_56_641.jpg;0;0;0;0.5503547;124.4822;104.1343;359.9161;70.14565;359.9186
/home/ohnozzy/RoboND-Rover-Project/IMG/robocam_2018_09_09_16_53_56_707.jpg;0;0;0;0.5484371;124.4969;104.1753;359.9032;70.14555;359.8566
/home/ohnozzy/RoboND-Rover-Project/IMG/robocam_2018_09_09_16_53_56_773.jpg;0;0;0;0.5465237;124.508;104.206;359.8936;70.14546;359.8181
/home/ohnozzy/RoboND-Rover-Project/IMG/robocam_2018_09_09_16_53_56_839.jpg;0;0;0;0.5439842;124.5189;104.2366;359.8846;70.14536;359.7868
/home/ohnozzy/RoboND-Rover-Project/IMG/robocam_2018_09_09_16_53_56_907.jpg;0;0;0;0.542091;124.5335;104.2772;359.8761;70.14605;359.7585
/home/ohnozzy/RoboND-Rover-Project/IMG/robocam_2018_09_09_16_53_56_975.jpg;0;0;0;0.5401385;124.5444;104.3077;359.8747;70.14687;359.7484
/home/ohnozzy/RoboND-Rover-Project/IMG/robocam_2018_09_09_16_53_57_041.jpg;0;0;0;0.5375975;124.5553;104.338;359.8748;70.14709;359.7447
/home/ohnozzy/RoboND-Rover-Project/IMG/robocam_2018_09_09_16_53_57_108.jpg;0;0;0;0.5357364;124.5698;104.3783;359.8759;70.14705;359.7487
/home/ohnozzy/RoboND-Rover-Project/IMG/robocam_2018_09_09_16_53_57_173.jpg;0;0;0;0.5339102;124.5807;104.4085;359.8766;70.14699;359.7573
/home/ohnozzy/RoboND-Rover-Project/IMG/robocam_2018_09_09_16_53_57_240.jpg;0;0;0;0.5314909;124.5915;104.4385;359.8773;70.14693;359.7701
/home/ohnozzy/RoboND-Rover-Project/IMG/robocam_2018_09_09_16_53_57_307.jpg;0;0;0;0.5296861;124.6059;104.4783;359.8781;70.14686;359.7925
/home/ohnozzy/RoboND-Rover-Project/IMG/robocam_2018_09_09_16_53_57_376.jpg;0;0;0;0.5278879;124.6166;104.5081;359.8785;70.14682;359.8125
/home/ohnozzy/RoboND-Rover-Project/IMG/robocam_2018_09_09_16_53_57_440.jpg;0;0;0;0.5254988;124.6273;104.5378;359.8788;70.14678;359.8345
/home/ohnozzy/RoboND-Rover-Project/IMG/robocam_2018_09_09_16_53_57_508.jpg;0;0;0;0.5237122;124.6415;104.5771;359.8792;70.14675;359.866
/home/ohnozzy/RoboND-Rover-Project/IMG/robocam_2018_09_09_16_53_57_574.jpg;0;0;0;0.5219296;124.6522;104.6065;359.8794;70.14674;359.8904
/home/ohnozzy/RoboND-Rover-Project/IMG/robocam_2018_09_09_16_53_57_639.jpg;0;0;0;0.5195584;124.6628;104.6359;359.8796;70.14673;359.9148
/home/ohnozzy/RoboND-Rover-Project/IMG/robocam_2018_09_09_16_53_57_707.jpg;0;0;0;0.5177846;124.6768;104.6748;359.8798;70.14674;359.9466
/home/ohnozzy/RoboND-Rover-Project/IMG/robocam_2018_09_09_16_53_57_774.jpg;0;0;0;0.5160146;124.6874;104.7039;359.8799;70.14674;359.9692
/home/ohnozzy/RoboND-Rover-Project/IMG/robocam_2018_09_09_16_53_57_841.jpg;0;0;0;0.5136616;124.6978;104.7329;359.88;70.14676;359.9905
/home/ohnozzy/RoboND-Rover-Project/IMG/robocam_2018_09_09_16_53_57_909.jpg;0;0;0;0.5119025;124.7118;104.7713;359.8802;70.14679;0.01623116
/home/ohnozzy/RoboND-Rover-Project/IMG/robocam_2018_09_09_16_53_57_962.jpg;0;0.1741676;0;0.5022859;124.7188;104.7906;359.8818;70.15629;0.02776699
/home/ohnozzy/RoboND-Rover-Project/IMG/robocam_2018_09_09_16_53_58_040.jpg;0;0.3718464;0;0.5191332;124.7332;104.8307;359.9236;70.24804;0.04848275
/home/ohnozzy/RoboND-Rover-Project/IMG/robocam_2018_09_09_16_53_58_108.jpg;0;0.6015115;0;0.5311821;124.7484;104.8729;0.01036228;70.34624;0.0668568
/home/ohnozzy/RoboND-Rover-Project/IMG/robocam_2018_09_09_16_53_58_174.jpg;0;0.8023946;0;0.5749534;124.7612;104.9088;0.1687182;70.25779;0.0779828
/home/ohnozzy/RoboND-Rover-Project/IMG/robocam_2018_09_09_16_53_58_240.jpg;0;0.9995034;0;0.6346114;124.7756;104.948;0.3804148;70.15373;0.06875964
/home/ohnozzy/RoboND-Rover-Project/IMG/robocam_2018_09_09_16_53_58_308.jpg;0;1;0;0.6832545;124.7969;105.0059;0.7266322;70.08243;0.02121999
/home/ohnozzy/RoboND-Rover-Project/IMG/robocam_2018_09_09_16_53_58_376.jpg;0;1;0;0.7354007;124.8135;105.0523;0.9904026;70.1292;-0.004539365
/home/ohnozzy/RoboND-Rover-Project/IMG/robocam_2018_09_09_16_53_58_440.jpg;0;1;0;0.7851822;124.8307;105.1008;1.240287;70.0878;-0.001570391
/home/ohnozzy/RoboND-Rover-Project/IMG/robocam_2018_09_09_16_53_58_509.jpg;0;1;0;0.837756;124.854;105.1647;1.298144;70.07536;-0.003576015
/home/ohnozzy/RoboND-Rover-Project/IMG/robocam_2018_09_09_16_53_58_574.jpg;0;1;0;0.8901008;124.8721;105.2141;1.179866;70.1025;-0.0001753543
/home/ohnozzy/RoboND-Rover-Project/IMG/robocam_2018_09_09_16_53_58_641.jpg;0;1;0;0.9583019;124.8916;105.2674;1.12381;70.17662;-0.0008887625
/home/ohnozzy/RoboND-Rover-Project/IMG/robocam_2018_09_09_16_53_58_707.jpg;0;1;0;1.007726;124.9195;105.344;1.139758;70.22479;-0.000349983
/home/ohnozzy/RoboND-Rover-Project/IMG/robocam_2018_09_09_16_53_58_774.jpg;0;1;0;1.064398;124.942;105.4059;1.211477;70.21844;-0.0005383712
/home/ohnozzy/RoboND-Rover-Project/IMG/robocam_2018_09_09_16_53_58_840.jpg;0;1;0;1.123449;124.9654;105.4701;1.272095;70.20818;-0.001346866
/home/ohnozzy/RoboND-Rover-Project/IMG/robocam_2018_09_09_16_53_58_907.jpg;0;1;0;1.16592;124.9974;105.5581;1.247255;70.19604;-0.0009826461
/home/ohnozzy/RoboND-Rover-Project/IMG/robocam_2018_09_09_16_53_58_974.jpg;0;1;0;1.213474;125.0227;105.6274;1.226534;70.1949;-0.0009760068
/home/ohnozzy/RoboND-Rover-Project/IMG/robocam_2018_09_09_16_53_59_041.jpg;0;1;0;1.280424;125.049;105.6997;1.234728;70.17926;-0.0008462328
/home/ohnozzy/RoboND-Rover-Project/IMG/robocam_2018_09_09_16_53_59_107.jpg;0;1;0;1.327811;125.0857;105.8001;1.238072;70.15138;-0.0008828346
/home/ohnozzy/RoboND-Rover-Project/IMG/robocam_2018_09_09_16_53_59_174.jpg;0;1;0;1.374799;125.1143;105.8785;1.241077;70.13143;-0.0009128714
/home/ohnozzy/RoboND-Rover-Project/IMG/robocam_2018_09_09_16_53_59_239.jpg;0;1;0;1.436419;125.144;105.9596;1.247217;70.11082;-0.0008892023
/home/ohnozzy/RoboND-Rover-Project/IMG/robocam_2018_09_09_16_53_59_307.jpg;0;1;0;1.483305;125.185;106.0717;1.250676;70.09559;-0.0009493557
/home/ohnozzy/RoboND-Rover-Project/IMG/robocam_2018_09_09_16_53_59_375.jpg;0;1;0;1.531122;125.217;106.1589;1.253342;70.08491;-0.0009848233
/home/ohnozzy/RoboND-Rover-Project/IMG/robocam_2018_09_09_16_53_59_440.jpg;0;1;0;1.59299;125.2499;106.2488;1.259666;70.0726;-0.0009980358
/home/ohnozzy/RoboND-Rover-Project/IMG/robocam_2018_09_09_16_53_59_500.jpg;0;1;0;1.639424;125.2839;106.3412;1.264632;70.06028;-0.0009917528
/home/ohnozzy/RoboND-Rover-Project/IMG/robocam_2018_09_09_16_53_59_563.jpg;0;0.9119649;0;1.684761;125.3187;106.4362;1.265929;70.05059;-0.0009957564
/home/ohnozzy/RoboND-Rover-Project/IMG/robocam_2018_09_09_16_53_59_640.jpg;0;0.6921997;0;1.724284;125.3665;106.5661;1.264966;70.03915;-0.0006136125
/home/ohnozzy/RoboND-Rover-Project/IMG/robocam_2018_09_09_16_53_59_706.jpg;0;0.4848814;0;1.761561;125.4152;106.6986;1.264005;70.02592;-0.0005041693
/home/ohnozzy/RoboND-Rover-Project/IMG/robocam_2018_09_09_16_53_59_773.jpg;0;0.284725;0;1.779509;125.4521;106.7987;1.245545;70.01495;-0.000448564
/home/ohnozzy/RoboND-Rover-Project/IMG/robocam_2018_09_09_16_53_59_841.jpg;0;0.08092856;0;1.788747;125.4889;106.8987;1.197292;70.004;-0.0003808795
/home/ohnozzy/RoboND-Rover-Project/IMG/robocam_2018_09_09_16_53_59_908.jpg;0;0;0;1.78561;125.5375;107.0307;1.074672;69.98988;-0.000257538
/home/ohnozzy/RoboND-Rover-Project/IMG/robocam_2018_09_09_16_53_59_973.jpg;0;0;0;1.780168;125.5737;107.1287;0.9467601;69.97978;-6.102647E-05
/home/ohnozzy/RoboND-Rover-Project/IMG/robocam_2018_09_09_16_54_00_048.jpg;0;0;0;1.772823;125.6215;107.2585;0.7453503;69.96828;0.00347111
/home/ohnozzy/RoboND-Rover-Project/IMG/robocam_2018_09_09_16_54_00_106.jpg;0;0;0;1.767248;125.657;107.3552;0.5809096;69.96364;0.01357293
/home/ohnozzy/RoboND-Rover-Project/IMG/robocam_2018_09_09_16_54_00_173.jpg;0;0;0;1.761611;125.6922;107.4516;0.4122461;69.96265;0.02993026
/home/ohnozzy/RoboND-Rover-Project/IMG/robocam_2018_09_09_16_54_00_239.jpg;0;0;0;1.753994;125.7272;107.5477;0.2399138;69.96273;0.04632217
/home/ohnozzy/RoboND-Rover-Project/IMG/robocam_2018_09_09_16_54_00_306.jpg;0;0;0;1.74819;125.7738;107.6752;0.01152965;69.96284;0.06444953
/home/ohnozzy/RoboND-Rover-Project/IMG/robocam_2018_09_09_16_54_00_373.jpg;0;0;0;1.742317;125.8086;107.7706;359.848;69.96294;0.07513118
/home/ohnozzy/RoboND-Rover-Project/IMG/robocam_2018_09_09_16_54_00_439.jpg;0;0;0;1.734326;125.8437;107.866;359.7089;69.95731;0.06903411
/home/ohnozzy/RoboND-Rover-Project/IMG/robocam_2018_09_09_16_54_00_506.jpg;2.095327;0;0;1.727857;125.8899;107.9936;359.571;70.04684;0.0545482
/home/ohnozzy/RoboND-Rover-Project/IMG/robocam_2018_09_09_16_54_00_573.jpg;6.070747;0;0;1.72076;125.9219;108.0903;359.4965;70.50072;0.0950233
/home/ohnozzy/RoboND-Rover-Project/IMG/robocam_2018_09_09_16_54_00_639.jpg;2.165051;0;0;1.711091;125.9535;108.187;359.4489;70.9397;0.1266727
/home/ohnozzy/RoboND-Rover-Project/IMG/robocam_2018_09_09_16_54_00_707.jpg;6.259274;0;0;1.704486;125.9938;108.3166;359.4191;71.60505;0.1895744
/home/ohnozzy/RoboND-Rover-Project/IMG/robocam_2018_09_09_16_54_00_774.jpg;10.24351;0;0;1.695859;126.0204;108.4146;359.4207;72.50833;0.2963614
/home/ohnozzy/RoboND-Rover-Project/IMG/robocam_2018_09_09_16_54_00_841.jpg;14.20813;0;0;1.681708;126.0433;108.5133;359.4423;73.76698;0.4554496
/home/ohnozzy/RoboND-Rover-Project/IMG/robocam_2018_09_09_16_54_00_906.jpg;15;0;0;1.669419;126.0686;108.6456;359.5242;75.77908;0.6971198
/home/ohnozzy/RoboND-Rover-Project/IMG/robocam_2018_09_09_16_54_00_973.jpg;12.97248;0;0;1.659915;126.0857;108.7458;359.6638;77.20286;0.8217816
/home/ohnozzy/RoboND-Rover-Project/IMG/robocam_2018_09_09_16_54_01_044.jpg;8.978162;0;0;1.650743;126.1019;108.8465;359.8445;78.37235;0.8901356
/home/ohnozzy/RoboND-Rover-Project/IMG/robocam_2018_09_09_16_54_01_096.jpg;12.69841;0;0;1.643861;126.1149;108.9467;0.0008921801;79.57978;0.9879856
/home/ohnozzy/RoboND-Rover-Project/IMG/robocam_2018_09_09_16_54_01_176.jpg;15;0;0;1.633797;126.127;109.0777;0.08093382;81.54979;1.109864
/home/ohnozzy/RoboND-Rover-Project/IMG/robocam_2018_09_09_16_54_01_239.jpg;15;0;0;1.625548;126.1332;109.1727;359.9775;83.06436;1.103251
/home/ohnozzy/RoboND-Rover-Project/IMG/robocam_2018_09_09_16_54_01_307.jpg;15;0;0;1.619204;126.1371;109.2999;359.8932;84.99802;1.054967
/home/ohnozzy/RoboND-Rover-Project/IMG/robocam_2018_09_09_16_54_01_375.jpg;15;0;0;1.611196;126.137;109.396;359.8967;86.45828;1.005059
/home/ohnozzy/RoboND-Rover-Project/IMG/robocam_2018_09_09_16_54_01_439.jpg;15;0;0;1.600939;126.1337;109.4916;359.9052;87.95527;0.9913931
/home/ohnozzy/RoboND-Rover-Project/IMG/robocam_2018_09_09_16_54_01_507.jpg;12.85807;0;0;1.59405;126.126;109.6187;359.93;89.86297;0.9840644
/home/ohnozzy/RoboND-Rover-Project/IMG/robocam_2018_09_09_16_54_01_574.jpg;8.9853;0;0;1.589969;126.1198;109.7138;359.9439;90.94019;0.9544207
/home/ohnozzy/RoboND-Rover-Project/IMG/robocam_2018_09_09_16_54_01_641.jpg;5.004959;0;0;1.584758;126.1139;109.8084;359.9464;91.6806;0.8996756
/home/ohnozzy/RoboND-Rover-Project/IMG/robocam_2018_09_09_16_54_01_707.jpg;0.9801006;0;0;1.58015;126.108;109.9342;359.9297;92.07062;0.7622451
/home/ohnozzy/RoboND-Rover-Project/IMG/robocam_2018_09_09_16_54_01_774.jpg;0;0;0;1.574771;126.1045;110.0281;359.9055;92.10876;0.6314949
/home/ohnozzy/RoboND-Rover-Project/IMG/robocam_2018_09_09_16_54_01_840.jpg;0;0;0;1.567758;126.101;110.1215;359.8754;92.11285;0.4988153
/home/ohnozzy/RoboND-Rover-Project/IMG/robocam_2018_09_09_16_54_01_909.jpg;-2.100062;0;0;1.562496;126.097;110.2455;359.8288;92.01556;0.3097209
/home/ohnozzy/RoboND-Rover-Project/IMG/robocam_2018_09_09_16_54_01_974.jpg;-6.084366;0;0;1.555844;126.0967;110.338;359.7872;91.56537;0.115226
/home/ohnozzy/RoboND-Rover-Project/IMG/robocam_2018_09_09_16_54_02_041.jpg;-2.155266;0;0;1.54729;126.0965;110.4302;359.7466;91.15445;359.9336
/home/ohnozzy/RoboND-Rover-Project/IMG/robocam_2018_09_09_16_54_02_108.jpg;-6.150956;0;0;1.541527;126.0977;110.5526;359.7032;90.53058;359.6914
/home/ohnozzy/RoboND-Rover-Project/IMG/robocam_2018_09_09_16_54_02_178.jpg;-2.17319;0;0;1.5344;126.0985;110.6445;359.7;90.17331;359.5594
/home/ohnozzy/RoboND-Rover-Project/IMG/robocam_2018_09_09_16_54_02_241.jpg;0;0;0;1.52728;126.0982;110.7363;359.7084;90.11108;359.4862
/home/ohnozzy/RoboND-Rover-Project/IMG/robocam_2018_09_09_16_54_02_307.jpg;0;0;0;1.521784;126.0975;110.8583;359.7314;90.10968;359.4307
/home/ohnozzy/RoboND-Rover-Project/IMG/robocam_2018_09_09_16_54_02_373.jpg;0;0;0;1.516376;126.0971;110.9495;359.7489;90.11041;359.4079
/home/ohnozzy/RoboND-Rover-Project/IMG/robocam_2018_09_09_16_54_02_440.jpg;0;0;0;1.509358;126.0967;111.0404;359.7696;90.11301;359.4064
/home/ohnozzy/RoboND-Rover-Project/IMG/robocam_2018_09_09_16_54_02_507.jpg;0;0;0;1.50423;126.0962;111.1611;359.7928;90.11493;359.4255
/home/ohnozzy/RoboND-Rover-Project/IMG/robocam_2018_09_09_16_54_02_573.jpg;0;0;0;1.499093;126.0959;111.2511;359.8041;90.11496;359.4514
/home/ohnozzy/RoboND-Rover-Project/IMG/robocam_2018_09_09_16_54_02_632.jpg;0;0;0;1.492321;126.0956;111.3409;359.8136;90.11609;359.4901
/home/ohnozzy/RoboND-Rover-Project/IMG/robocam_2018_09_09_16_54_02_696.jpg;0;0;0;1.488986;126.0954;111.4301;359.8171;90.11606;359.5345
/home/ohnozzy/RoboND-Rover-Project/IMG/robocam_2018_09_09_16_54_02_774.jpg;0;0;0;1.482338;126.0951;111.5486;359.8137;90.11591;359.6019
/home/ohnozzy/RoboND-Rover-Project/IMG/robocam_2018_09_09_16_54_02_840.jpg;0;0;0;1.475708;126.0949;111.637;359.8059;90.11581;359.6566
/home/ohnozzy/RoboND-Rover-Project/IMG/robocam_2018_09_09_16_54_02_907.jpg;0;0;0;1.470743;126.0947;111.7543;359.79;90.11566;359.7324
/home/ohnozzy/RoboND-Rover-Project/IMG/robocam_2018_09_09_16_54_02_975.jpg;0;0;0;1.465782;126.0946;111.8419;359.7751;90.1156;359.7897
/home/ohnozzy/RoboND-Rover-Project/IMG/robocam_2018_09_09_16_54_03_039.jpg;0;0;0;1.459172;126.0944;111.9291;359.7584;90.11554;359.846
/home/ohnozzy/RoboND-Rover-Project/IMG/robocam_2018_09_09_16_54_03_108.jpg;0;0;0;1.454219;126.0942;112.045;359.7347;90.11551;359.9179
/home/ohnozzy/RoboND-Rover-Project/IMG/robocam_2018_09_09_16_54_03_174.jpg;0;0;0;1.449269;126.0941;112.1315;359.7168;90.11551;359.9682
/home/ohnozzy/RoboND-Rover-Project/IMG/robocam_2018_09_09_16_54_03_239.jpg;0;0;0;1.442679;126.094;112.2178;359.6993;90.11551;0.0146504
/home/ohnozzy/RoboND-Rover-Project/IMG/robocam_2018_09_09_16_54_03_308.jpg;0;0;0;1.437744;126.0939;112.3325;359.6846;90.11279;0.06201997
/home/ohnozzy/RoboND-Rover-Project/IMG/robocam_2018_09_09_16_54_03_373.jpg;0;0;0;1.43259;126.0939;112.4183;359.6821;90.11057;0.0867966
/home/ohnozzy/RoboND-Rover-Project/IMG/robocam_2018_09_09_16_54_03_440.jpg;0;0;0;1.425879;126.0938;112.5039;359.684;90.10968;0.1056849
/home/ohnozzy/RoboND-Rover-Project/IMG/robocam_2018_09_09_16_54_03_506.jpg;0;0;0;1.420956;126.0937;112.6176;359.6927;90.10748;0.1186304
/home/ohnozzy/RoboND-Rover-Project/IMG/robocam_2018_09_09_16_54_03_573.jpg;0;0;0;1.416008;126.0936;112.7026;359.6991;90.10739;0.124805
/home/ohnozzy/RoboND-Rover-Project/IMG/robocam_2018_09_09_16_54_03_639.jpg;0;0;0;1.409539;126.0935;112.7873;359.7081;90.10577;0.1234998
/home/ohnozzy/RoboND-Rover-Project/IMG/robocam_2018_09_09_16_54_03_708.jpg;0;0;0;1.404662;126.0934;112.8998;359.7191;90.1055;0.1182352
/home/ohnozzy/RoboND-Rover-Project/IMG/robocam_2018_09_09_16_54_03_775.jpg;0;0;0;1.39989;126.0932;112.9838;359.7246;90.1055;0.1119895
/home/ohnozzy/RoboND-Rover-Project/IMG/robocam_2018_09_09_16_54_03_841.jpg;0;0;0;1.393556;126.0931;113.0675;359.7281;90.10553;0.1040448
/home/ohnozzy/RoboND-Rover-Project/IMG/robocam_2018_09_09_16_54_03_909.jpg;0;0;0;1.38873;126.0929;113.1787;359.736;90.10397;0.08557742
/home/ohnozzy/RoboND-Rover-Project/IMG/robocam_2018_09_09_16_54_03_974.jpg;0;0;0;1.384016;126.0928;113.2617;359.739;90.10394;0.07217161
/home/ohnozzy/RoboND-Rover-Project/IMG/robocam_2018_09_09_16_54_04_039.jpg;0;0;0;1.377759;126.0926;113.3443;359.7398;90.10397;0.05852325
/home/ohnozzy/RoboND-Rover-Project/IMG/robocam_2018_09_09_16_54_04_107.jpg;3.993902;0;0;1.372842;126.0905;113.4541;359.7401;90.39502;0.08162013
/home/ohnozzy/RoboND-Rover-Project/IMG/robocam_2018_09_09_16_54_04_179.jpg;0;0;0;1.36753;126.0893;113.5361;359.7425;90.52219;0.0814069
/home/ohnozzy/RoboND-Rover-Project/IMG/robocam_2018_09_09_16_54_04_231.jpg;0;0;0;1.362832;126.0885;113.6177;359.7427;90.53183;0.06966586
/home/ohnozzy/RoboND-Rover-Project/IMG/robocam_2018_09_09_16_54_04_298.jpg;3.703322;0;0;1.358075;126.0864;113.6991;359.7432;90.74335;0.08712707
/home/ohnozzy/RoboND-Rover-Project/IMG/robocam_2018_09_09_16_54_04_340.jpg;5.778065;0;0;1.35433;126.0837;113.7531;359.7435;91.05103;0.1224803
/home/ohnozzy/RoboND-Rover-Project/IMG/robocam_2018_09_09_16_54_04_407.jpg;6.216116;0;0;1.345227;126.0764;113.8606;359.757;91.89755;0.2136363
/home/ohnozzy/RoboND-Rover-Project/IMG/robocam_2018_09_09_16_54_04_473.jpg;2.216935;0;0;1.341215;126.0719;113.9411;359.7707;92.23505;0.2414018
/home/ohnozzy/RoboND-Rover-Project/IMG/robocam_2018_09_09_16_54_04_539.jpg;6.227689;0;0;1.334898;126.0663;114.0212;359.784;92.62607;0.2821034
/home/ohnozzy/RoboND-Rover-Project/IMG/robocam_2018_09_09_16_54_04_609.jpg;10.25183;0;0;1.327794;126.055;114.1271;359.8065;93.63724;0.396074
/home/ohnozzy/RoboND-Rover-Project/IMG/robocam_2018_09_09_16_54_04_674.jpg;14.23614;0;0;1.319288;126.0429;114.2054;359.8249;94.7627;0.5293558
/home/ohnozzy/RoboND-Rover-Project/IMG/robocam_2018_09_09_16_54_04_739.jpg;15;0;0;1.307107;126.0286;114.283;359.8532;96.04681;0.6727603
/home/ohnozzy/RoboND-Rover-Project/IMG/robocam_2018_09_09_16_54_04_810.jpg;15;0;0;1.30027;126.0068;114.3852;359.8986;97.77856;0.8620526
/home/ohnozzy/RoboND-Rover-Project/IMG/robocam_2018_09_09_16_54_04_874.jpg;15;0;0;1.293429;125.9885;114.461;359.9352;99.07434;0.9991088
/home/ohnozzy/RoboND-Rover-Project/IMG/robocam_2018_09_09_16_54_04_941.jpg;12.90193;0;0;1.284857;125.9693;114.5364;359.9898;100.3128;1.091187
/home/ohnozzy/RoboND-Rover-Project/IMG/robocam_2018_09_09_16_54_05_007.jpg;8.981109;0;0;1.281748;125.9446;114.6356;-0.002427112;101.5334;1.077213
/home/ohnozzy/RoboND-Rover-Project/IMG/robocam_2018_09_09_16_54_05_076.jpg;4.902906;0;0;1.279818;125.9265;114.7096;359.9825;102.0892;0.9909397
/home/ohnozzy/RoboND-Rover-Project/IMG/robocam_2018_09_09_16_54_05_141.jpg;5.025487;0;0;1.274164;125.9074;114.783;359.9608;102.629;0.9152758
/home/ohnozzy/RoboND-Rover-Project/IMG/robocam_2018_09_09_16_54_05_209.jpg;1.014247;0;0;1.270293;125.8837;114.8809;359.9204;102.9388;0.7590885
/home/ohnozzy/RoboND-Rover-Project/IMG/robocam_2018_09_09_16_54_05_274.jpg;0;0;0;1.265838;125.8668;114.9541;359.8839;102.9641;0.6173772
/home/ohnozzy/RoboND-Rover-Project/IMG/robocam_2018_09_09_16_54_05_341.jpg;0;0;0;1.260153;125.8499;115.0271;359.8459;102.9661;0.4751083
/home/ohnozzy/RoboND-Rover-Project/IMG/robocam_2018_09_09_16_54_05_408.jpg;0;0;0;1.255875;125.8274;115.124;359.7958;102.9665;0.2908866
/home/ohnozzy/RoboND-Rover-Project/IMG/robocam_2018_09_09_16_54_05_475.jpg;0;0;0;1.251567;125.8107;115.1965;359.7601;102.9666;0.1600177
/home/ohnozzy/RoboND-Rover-Project/IMG/robocam_2018_09_09_16_54_05_540.jpg;0;0;0;1.245789;125.7939;115.2687;359.7271;102.9666;0.0377272
/home/ohnozzy/RoboND-Rover-Project/IMG/robocam_2018_09_09_16_54_05_608.jpg;-4.032125;0;0;1.240878;125.7735;115.365;359.6868;102.6897;359.8481
/home/ohnozzy/RoboND-Rover-Project/IMG/robocam_2018_09_09_16_54_05_676.jpg;-8.104205;0;0;1.234568;125.7604;115.4375;359.6712;102.139;359.6826
/home/ohnozzy/RoboND-Rover-Project/IMG/robocam_2018_09_09_16_54_05_741.jpg;-12.02436;0;0;1.223509;125.7497;115.5102;359.678;101.3133;359.5026
/home/ohnozzy/RoboND-Rover-Project/IMG/robocam_2018_09_09_16_54_05_797.jpg;-11.78957;0;0;1.212532;125.7415;115.5831;359.7105;100.2476;359.3195
/home/ohnozzy/RoboND-Rover-Project/IMG/robocam_2018_09_09_16_54_05_865.jpg;-11.04179;0;0;1.20672;125.7321;115.6802;359.7805;98.91626;359.1185
/home/ohnozzy/RoboND-Rover-Project/IMG/robocam_2018_09_09_16_54_05_909.jpg;-13.15134;0;0;1.204036;125.7282;115.7289;359.8367;98.23544;359.0406
/home/ohnozzy/RoboND-Rover-Project/IMG/robocam_2018_09_09_16_54_05_977.jpg;-8.680315;0;0;1.197141;125.7221;115.8021;359.9441;97.40839;358.9817
/home/ohnozzy/RoboND-Rover-Project/IMG/robocam_2018_09_09_16_54_06_040.jpg;-4.603443;0;0;1.192633;125.7156;115.8748;0.03792973;96.86255;358.9813
/home/ohnozzy/RoboND-Rover-Project/IMG/robocam_2018_09_09_16_54_06_107.jpg;-0.6856728;0;0;1.189947;125.7052;115.9701;0.08675208;96.59909;359.0763
/home/ohnozzy/RoboND-Rover-Project/IMG/robocam_2018_09_09_16_54_06_175.jpg;3.404517;0;0;1.185941;125.6958;116.0408;0.09889068;96.75745;359.2005
/home/ohnozzy/RoboND-Rover-Project/IMG/robocam_2018_09_09_16_54_06_240.jpg;7.297983;0;0;1.178879;125.6846;116.1107;0.09256802;97.19501;359.3705
/home/ohnozzy/RoboND-Rover-Project/IMG/robocam_2018_09_09_16_54_06_307.jpg;11.30874;0;0;1.17175;125.6662;116.2022;0.05658435;98.23535;359.6732
/home/ohnozzy/RoboND-Rover-Project/IMG/robocam_2018_09_09_16_54_06_376.jpg;11.33019;0;0;1.166002;125.6512;116.2699;0.02020727;99.08224;359.9149
/home/ohnozzy/RoboND-Rover-Project/IMG/robocam_2018_09_09_16_54_06_440.jpg;15;0;0;1.155573;125.6339;116.3364;359.9729;100.1335;0.1905049
/home/ohnozzy/RoboND-Rover-Project/IMG/robocam_2018_09_09_16_54_06_507.jpg;15;0;0;1.147373;125.6084;116.4234;359.902;101.672;0.5732629
/home/ohnozzy/RoboND-Rover-Project/IMG/robocam_2018_09_09_16_54_06_576.jpg;15;0;0;1.140765;125.5885;116.4885;359.8914;102.8089;0.8048128
/home/ohnozzy/RoboND-Rover-Project/IMG/robocam_2018_09_09_16_54_06_639.jpg;10.99086;0;0;1.132604;125.568;116.5534;359.8995;103.7995;0.9947763
/home/ohnozzy/RoboND-Rover-Project/IMG/robocam_2018_09_09_16_54_06_707.jpg;6.908641;0;0;1.129395;125.542;116.6409;359.9687;104.6832;1.10049
/home/ohnozzy/RoboND-Rover-Project/IMG/robocam_2018_09_09_16_54_06_776.jpg;2.857018;0;0;1.1257;125.5237;116.7067;0.02317314;105.0195;1.064654
/home/ohnozzy/RoboND-Rover-Project/IMG/robocam_2018_09_09_16_54_06_841.jpg;0;0;0;1.12162;125.5061;116.7716;0.02734451;105.1098;0.9812947
/home/ohnozzy/RoboND-Rover-Project/IMG/robocam_2018_09_09_16_54_06_908.jpg;0;0;0;1.118018;125.4829;116.8578;0.01681921;105.1177;0.8484487
/home/ohnozzy/RoboND-Rover-Project/IMG/robocam_2018_09_09_16_54_06_974.jpg;0;0;0;1.114415;125.4656;116.9219;0.0001242107;105.1183;0.7389747
/home/ohnozzy/RoboND-Rover-Project/IMG/robocam_2018_09_09_16_54_07_040.jpg;0;0;0;1.109579;125.4484;116.9858;359.9775;105.1186;0.6243736
/home/ohnozzy/RoboND-Rover-Project/IMG/robocam_2018_09_09_16_54_07_108.jpg;0;0;0;1.105923;125.4254;117.0705;359.9406;105.119;0.4683849
/home/ohnozzy/RoboND-Rover-Project/IMG/robocam_2018_09_09_16_54_07_175.jpg;0;0;0;1.102238;125.4083;117.1337;359.9096;105.1192;0.3523019
/home/ohnozzy/RoboND-Rover-Project/IMG/robocam_2018_09_09_16_54_07_241.jpg;0;0;0;1.097282;125.3912;117.1966;359.8772;105.1193;0.2395308
/home/ohnozzy/RoboND-Rover-Project/IMG/robocam_2018_09_09_16_54_07_311.jpg;0;0;0;1.093538;125.3685;117.2803;359.8338;105.1194;0.09771745
/home/ohnozzy/RoboND-Rover-Project/IMG/robocam_2018_09_09_16_54_07_367.jpg;0;0;0;1.089776;125.3515;117.3427;359.8024;105.1194;-8.92899E-05
/home/ohnozzy/RoboND-Rover-Project/IMG/robocam_2018_09_09_16_54_07_430.jpg;0;0;0;1.086002;125.3346;117.405;359.773;105.1193;359.9109
/home/ohnozzy/RoboND-Rover-Project/IMG/robocam_2018_09_09_16_54_07_476.jpg;2.023673;0;0;1.083483;125.3228;117.4463;359.7544;105.1972;359.8692
/home/ohnozzy/RoboND-Rover-Project/IMG/robocam_2018_09_09_16_54_07_543.jpg;6.641936;0;0;1.077922;125.3036;117.5075;359.7259;105.5467;359.8496
/home/ohnozzy/RoboND-Rover-Project/IMG/robocam_2018_09_09_16_54_07_610.jpg;10.61514;0;0;1.072375;125.2751;117.5877;359.6843;106.4527;359.9063
/home/ohnozzy/RoboND-Rover-Project/IMG/robocam_2018_09_09_16_54_07_675.jpg;14.67894;0;0;1.065867;125.2512;117.6463;359.6485;107.4351;0.01033153
/home/ohnozzy/RoboND-Rover-Project/IMG/robocam_2018_09_09_16_54_07_740.jpg;10.70303;0;0;1.058492;125.227;117.7047;359.6293;108.3515;0.1040301
/home/ohnozzy/RoboND-Rover-Project/IMG/robocam_2018_09_09_16_54_07_809.jpg;6.679559;0;0;1.055848;125.1956;117.7833;359.6363;109.1722;0.1732569
/home/ohnozzy/RoboND-Rover-Project/IMG/robocam_2018_09_09_16_54_07_874.jpg;2.682238;0;0;1.053008;125.1732;117.8426;359.6517;109.4763;0.1859612
/home/ohnozzy/RoboND-Rover-Project/IMG/robocam_2018_09_09_16_54_07_940.jpg;0;0;0;1.048492;125.1518;117.902;359.6685;109.5505;0.1698187
/home/ohnozzy/RoboND-Rover-Project/IMG/robocam_2018_09_09_16_54_08_009.jpg;0;0;0;1.044862;125.1237;117.9811;359.6917;109.556;0.1375863
/home/ohnozzy/RoboND-Rover-Project/IMG/robocam_2018_09_09_16_54_08_075.jpg;0;0;0;1.041275;125.1027;118.0402;359.7092;109.5561;0.112573
/home/ohnozzy/RoboND-Rover-Project/IMG/robocam_2018_09_09_16_54_08_141.jpg;0;0;0;1.036523;125.0818;118.0991;359.726;109.5561;0.08753056
/home/ohnozzy/RoboND-Rover-Project/IMG/robocam_2018_09_09_16_54_08_208.jpg;0;0;0;1.032981;125.054;118.1773;359.747;109.556;0.05496659
/home/ohnozzy/RoboND-Rover-Project/IMG/robocam_2018_09_09_16_54_08_269.jpg;0;0;0;1.029456;125.0333;118.2356;359.7611;109.556;0.03173929
/home/ohnozzy/RoboND-Rover-Project/IMG/robocam_2018_09_09_16_54_08_342.jpg;-1.961346;0;0;1.025947;125.0131;118.2939;359.7732;109.4819;-0.001574161
/home/ohnozzy/RoboND-Rover-Project/IMG/robocam_2018_09_09_16_54_08_408.jpg;2.042155;0;0;1.021031;124.9853;118.3709;359.786;109.5371;359.9818
/home/ohnozzy/RoboND-Rover-Project/IMG/robocam_2018_09_09_16_54_08_476.jpg;5.969524;0;0;1.017005;124.9628;118.4277;359.7907;109.8743;0.01430436
/home/ohnozzy/RoboND-Rover-Project/IMG/robocam_2018_09_09_16_54_08_534.jpg;10.04442;0;0;1.010361;124.9388;118.4833;359.7895;110.4581;0.08515039
/home/ohnozzy/RoboND-Rover-Project/IMG/robocam_2018_09_09_16_54_08_576.jpg;11.59261;0;0;1.008171;124.9218;118.5198;359.7893;110.9807;0.148481
/home/ohnozzy/RoboND-Rover-Project/IMG/robocam_2018_09_09_16_54_08_641.jpg;11.10074;0;0;1.002247;124.8963;118.5744;359.7975;111.6851;0.2284869
/home/ohnozzy/RoboND-Rover-Project/IMG/robocam_2018_09_09_16_54_08_710.jpg;15;0;0;0.99509;124.8595;118.6453;359.8149;112.9463;0.3739708
/home/ohnozzy/RoboND-Rover-Project/IMG/robocam_2018_09_09_16_54_08_775.jpg;11.10492;0;0;0.9893302;124.8317;118.6981;359.8389;113.8025;0.4582195
/home/ohnozzy/RoboND-Rover-Project/IMG/robocam_2018_09_09_16_54_08_842.jpg;7.091088;0;0;0.9861096;124.8043;118.751;359.8654;114.438;0.5106815
/home/ohnozzy/RoboND-Rover-Project/IMG/robocam_2018_09_09_16_54_08_910.jpg;3.064671;0;0;0.9837822;124.7692;118.822;359.8968;114.8744;0.5189707
/home/ohnozzy/RoboND-Rover-Project/IMG/robocam_2018_09_09_16_54_08_963.jpg;2.419124;0;0;0.9807523;124.7523;118.8575;359.9079;114.9689;0.5045509
/home/ohnozzy/RoboND-Rover-Project/IMG/robocam_2018_09_09_16_54_09_033.jpg;6.300344;0;0;0.9770283;124.7166;118.9272;359.9231;115.4206;0.5075577
/home/ohnozzy/RoboND-Rover-Project/IMG/robocam_2018_09_09_16_54_09_075.jpg;4.117184;0;0;0.974094;124.6988;118.9619;359.9287;115.6319;0.5006217
/home/ohnozzy/RoboND-Rover-Project/IMG/robocam_2018_09_09_16_54_09_141.jpg;0;0;0;0.9701285;124.6731;119.0141;359.931;115.7525;0.4614898
/home/ohnozzy/RoboND-Rover-Project/IMG/robocam_2018_09_09_16_54_09_208.jpg;0;0;0;0.9668092;124.6396;119.0837;359.9254;115.761;0.386663
/home/ohnozzy/RoboND-Rover-Project/IMG/robocam_2018_09_09_16_54_09_276.jpg;0;0;0;0.9635981;124.6145;119.1355;359.9165;115.7613;0.3270563
/home/ohnozzy/RoboND-Rover-Project/IMG/robocam_2018_09_09_16_54_09_342.jpg;0;0;0;0.9593124;124.5896;119.1872;359.9044;115.7614;0.2661715
/home/ohnozzy/RoboND-Rover-Project/IMG/robocam_2018_09_09_16_54_09_408.jpg;0;0;0;0.9560923;124.5565;119.2557;359.8846;115.7614;0.1853181
/home/ohnozzy/RoboND-Rover-Project/IMG/robocam_2018_09_09_16_54_09_475.jpg;0;0;0;0.952867;124.5318;119.3068;359.8679;115.7615;0.1264833
/home/ohnozzy/RoboND-Rover-Project/IMG/robocam_2018_09_09_16_54_09_540.jpg;0;0;0;0.9485596;124.5071;119.3578;359.8505;115.7615;0.07036813
/home/ohnozzy/RoboND-Rover-Project/IMG/robocam_2018_09_09_16_54_09_610.jpg;0;0;0;0.9453257;124.4744;119.4254;359.8272;115.7615;0.001299496
/home/ohnozzy/RoboND-Rover-Project/IMG/robocam_2018_09_09_16_54_09_677.jpg;0;0;0;0.9420908;124.4499;119.476;359.8104;115.7614;359.9547
/home/ohnozzy/RoboND-Rover-Project/IMG/robocam_2018_09_09_16_54_09_734.jpg;0;0;0;0.9377802;124.4256;119.5264;359.7946;115.7614;359.9133
/home/ohnozzy/RoboND-Rover-Project/IMG/robocam_2018_09_09_16_54_09_808.jpg;0;0;0;0.9345523;124.3931;119.5934;359.779;115.7629;359.8703
/home/ohnozzy/RoboND-Rover-Project/IMG/robocam_2018_09_09_16_54_09_874.jpg;0;0;0;0.9312032;124.3687;119.6435;359.775;115.7646;359.8491
/home/ohnozzy/RoboND-Rover-Project/IMG/robocam_2018_09_09_16_54_09_941.jpg;0;0;0;0.9268354;124.3445;119.6936;359.7755;115.7657;359.8349
/home/ohnozzy/RoboND-Rover-Project/IMG/robocam_2018_09_09_16_54_10_006.jpg;0;0;0;0.9235774;124.3123;119.7601;359.7794;115.7659;359.8243
/home/ohnozzy/RoboND-Rover-Project/IMG/robocam_2018_09_09_16_54_10_067.jpg;0;0;0;0.9204005;124.2882;119.8099;359.7856;115.7668;359.8243
/home/ohnozzy/RoboND-Rover-Project/IMG/robocam_2018_09_09_16_54_10_143.jpg;0;0;0;0.9161677;124.2643;119.8594;359.7908;115.7668;359.8269
/home/ohnozzy/RoboND-Rover-Project/IMG/robocam_2018_09_09_16_54_10_207.jpg;0;0;0;0.9130457;124.2325;119.9252;359.7968;115.7668;359.8355
/home/ohnozzy/RoboND-Rover-Project/IMG/robocam_2018_09_09_16_54_10_275.jpg;0;0;0;0.9099264;124.2087;119.9744;359.8024;115.7673;359.8471
/home/ohnozzy/RoboND-Rover-Project/IMG/robocam_2018_09_09_16_54_10_341.jpg;2.048578;0;0;0.9057727;124.1848;120.0233;359.8067;115.7983;359.8653
/home/ohnozzy/RoboND-Rover-Project/IMG/robocam_2018_09_09_16_54_10_408.jpg;1.985021;0;0;0.9018884;124.1519;120.0876;359.8089;116.0521;359.9213
/home/ohnozzy/RoboND-Rover-Project/IMG/robocam_2018_09_09_16_54_10_471.jpg;0;0;0;0.8990129;124.1282;120.136;359.8102;116.0736;359.9399
/home/ohnozzy/RoboND-Rover-Project/IMG/robocam_2018_09_09_16_54_10_529.jpg;0;0;0;0.8959596;124.1046;120.1842;359.8107;116.0745;359.9572
/home/ohnozzy/RoboND-Rover-Project/IMG/robocam_2018_09_09_16_54_10_610.jpg;0;0;0;0.8929093;124.0733;120.2483;359.8105;116.0746;359.9792
/home/ohnozzy/RoboND-Rover-Project/IMG/robocam_2018_09_09_16_54_10_668.jpg;0;0;0;0.8888565;124.0499;120.2961;359.8097;116.0746;-0.005583707
/home/ohnozzy/RoboND-Rover-Project/IMG/robocam_2018_09_09_16_54_10_734.jpg;0;0;0;0.8858274;124.0266;120.3438;359.8085;116.0746;0.008432955
/home/ohnozzy/RoboND-Rover-Project/IMG/robocam_2018_09_09_16_54_10_806.jpg;0;0;0;0.8818025;123.9956;120.4071;359.8066;116.0746;0.02487654
/home/ohnozzy/RoboND-Rover-Project/IMG/robocam_2018_09_09_16_54_10_875.jpg;0;0;0;0.8787946;123.9725;120.4544;359.8049;116.0746;0.03536952
/home/ohnozzy/RoboND-Rover-Project/IMG/robocam_2018_09_09_16_54_10_941.jpg;0;0;0;0.8747981;123.9495;120.5015;359.8031;116.0747;0.04420455
/home/ohnozzy/RoboND-Rover-Project/IMG/robocam_2018_09_09_16_54_11_009.jpg;0;0;0;0.8718114;123.9189;120.5641;359.8008;116.0747;0.05335697
/home/ohnozzy/RoboND-Rover-Project/IMG/robocam_2018_09_09_16_54_11_075.jpg;0;0;0;0.8688342;123.896;120.6109;359.7992;116.0747;0.05826724
/home/ohnozzy/RoboND-Rover-Project/IMG/robocam_2018_09_09_16_54_11_141.jpg;0;0;0;0.8648309;123.8732;120.6575;359.8004;116.074;0.0590121
